ann_term	CC	annotation
GO:0016998	0.864701270985484	cell wall macromolecule catabolic process
GO:0044036	0.864701270985484	cell wall macromolecule metabolic process
GO:0006022	0.86104461913513	aminoglycan metabolic process
GO:0006026	0.858863908937651	aminoglycan catabolic process
GO:1901136	0.858863908937651	carbohydrate derivative catabolic process
GO:1901565	0.855050585653976	organonitrogen compound catabolic process
GO:0044265	0.851897126084788	cellular macromolecule catabolic process
GO:0009057	0.843404995247803	macromolecule catabolic process
GO:0003796	0.840801209856794	lysozyme activity
GO:0019835	0.835493314264788	cytolysis
GO:0000270	0.833316039759746	peptidoglycan metabolic process
GO:0030203	0.833316039759746	glycosaminoglycan metabolic process
GO:0006027	0.831454363292113	glycosaminoglycan catabolic process
GO:0009253	0.831454363292113	peptidoglycan catabolic process
GO:0061783	0.831454363292113	peptidoglycan muralytic activity
GO:0019076	0.825636254696699	viral release from host cell
GO:0035890	0.825636254696699	exit from host
GO:0035891	0.825636254696699	exit from host cell
GO:0052126	0.825636254696699	movement in host environment
GO:0051701	0.821839643241377	biological process involved in interaction with host
GO:0044248	0.808795477630641	cellular catabolic process
GO:0016032	0.806943314224279	viral process
GO:0019058	0.806943314224279	viral life cycle
GO:0044419	0.805139600485554	biological process involved in interspecies interaction between organisms
GO:0044403	0.801157018102247	biological process involved in symbiotic interaction
GO:1901575	0.750425641233051	organic substance catabolic process
GO:0009056	0.747636969314842	catabolic process
GO:0004842	0.740402892688079	ubiquitin-protein transferase activity
GO:0019787	0.740402892688079	ubiquitin-like protein transferase activity
GO:0071554	0.736094947267772	cell wall organization or biogenesis
GO:0000287	0.726272924662982	magnesium ion binding
GO:0019627	0.700333171817137	urea metabolic process
GO:0043419	0.700333171817137	urea catabolic process
GO:0032880	0.690843134738713	regulation of protein localization
GO:0050708	0.690843134738713	regulation of protein secretion
GO:0051046	0.690843134738713	regulation of secretion
GO:0051223	0.690843134738713	regulation of protein transport
GO:0070201	0.690843134738713	regulation of establishment of protein localization
GO:1903530	0.690843134738713	regulation of secretion by cell
GO:0006950	0.68634979380658	response to stress
GO:0001897	0.682547550734662	cytolysis by symbiont of host cells
GO:0001907	0.682547550734662	killing by symbiont of host cells
GO:0019836	0.682547550734662	hemolysis by symbiont of host erythrocytes
GO:0030597	0.682547550734662	RNA glycosylase activity
GO:0030598	0.682547550734662	rRNA N-glycosylase activity
GO:0033554	0.680891201347093	cellular response to stress
GO:0006974	0.678519136613699	cellular response to DNA damage stimulus
GO:0016151	0.66890936393234	nickel cation binding
GO:0140096	0.667408071910448	catalytic activity, acting on a protein
GO:0140102	0.665681958440412	catalytic activity, acting on a rRNA
GO:0008907	0.661283407612268	integrase activity
GO:0016567	0.654463514634925	protein ubiquitination
GO:0032446	0.654463514634925	protein modification by small protein conjugation
GO:0070647	0.654463514634925	protein modification by small protein conjugation or removal
GO:0006281	0.648756094711711	DNA repair
GO:0043605	0.635675952232393	cellular amide catabolic process
GO:0019068	0.629782902581051	virion assembly
GO:0004197	0.628628295810777	cysteine-type endopeptidase activity
GO:0046872	0.621548636860772	metal ion binding
GO:1901135	0.617090011059205	carbohydrate derivative metabolic process
GO:0003676	0.614174230220121	nucleic acid binding
GO:0071941	0.612849609180661	nitrogen cycle metabolic process
GO:0005488	0.599614833284606	binding
GO:0003677	0.596579531366366	DNA binding
GO:0006801	0.596558858455244	superoxide metabolic process
GO:0072593	0.596558858455244	reactive oxygen species metabolic process
GO:0043565	0.596228317987832	sequence-specific DNA binding
GO:0043169	0.587197481163449	cation binding
GO:0097159	0.582987189143496	organic cyclic compound binding
GO:1901363	0.582987189143496	heterocyclic compound binding
GO:0043242	0.568229304485321	negative regulation of protein-containing complex disassembly
GO:0051129	0.568229304485321	negative regulation of cellular component organization
GO:0060567	0.568229304485321	negative regulation of DNA-templated transcription, termination
GO:0032879	0.561007274172552	regulation of localization
GO:0051049	0.561007274172552	regulation of transport
GO:0006807	0.554424761450043	nitrogen compound metabolic process
GO:0051276	0.553700051464207	chromosome organization
GO:0008234	0.553295296472069	cysteine-type peptidase activity
GO:0043170	0.553021878752358	macromolecule metabolic process
GO:0006270	0.548632845173313	DNA replication initiation
GO:0016798	0.545061155162438	hydrolase activity, acting on glycosyl bonds
GO:0044260	0.544532175253529	cellular macromolecule metabolic process
GO:0006261	0.540494744535603	DNA-templated DNA replication
GO:0009987	0.538175403426306	cellular process
GO:0006979	0.532890050378792	response to oxidative stress
GO:0020037	0.531909799233816	heme binding
GO:0016788	0.530267712265217	hydrolase activity, acting on ester bonds
GO:1901564	0.529347648230221	organonitrogen compound metabolic process
GO:0009890	0.527547343071326	negative regulation of biosynthetic process
GO:0009892	0.527547343071326	negative regulation of metabolic process
GO:0010558	0.527547343071326	negative regulation of macromolecule biosynthetic process
GO:0010605	0.527547343071326	negative regulation of macromolecule metabolic process
GO:0031324	0.527547343071326	negative regulation of cellular metabolic process
GO:0031327	0.527547343071326	negative regulation of cellular biosynthetic process
GO:0051172	0.527547343071326	negative regulation of nitrogen compound metabolic process
GO:0006417	0.52574049681751	regulation of translation
GO:0010608	0.52574049681751	post-transcriptional regulation of gene expression
GO:0010629	0.52574049681751	negative regulation of gene expression
GO:0017148	0.52574049681751	negative regulation of translation
GO:0032268	0.52574049681751	regulation of cellular protein metabolic process
GO:0032269	0.52574049681751	negative regulation of cellular protein metabolic process
GO:0034248	0.52574049681751	regulation of cellular amide metabolic process
GO:0034249	0.52574049681751	negative regulation of cellular amide metabolic process
GO:0051246	0.52574049681751	regulation of protein metabolic process
GO:0051248	0.52574049681751	negative regulation of protein metabolic process
GO:2000112	0.52574049681751	regulation of cellular macromolecule biosynthetic process
GO:2000113	0.52574049681751	negative regulation of cellular macromolecule biosynthetic process
GO:0044237	0.520870909692841	cellular metabolic process
GO:0016787	0.520247797793405	hydrolase activity
GO:0006260	0.515061670031439	DNA replication
GO:0008150	0.514565378977128	biological_process
GO:0048519	0.513137973961712	negative regulation of biological process
GO:0048523	0.513137973961712	negative regulation of cellular process
GO:0005198	0.50973068752842	structural molecule activity
GO:0008104	0.508374686929371	protein localization
GO:0015031	0.508374686929371	protein transport
GO:0045184	0.508374686929371	establishment of protein localization
GO:0004553	0.502920617962455	hydrolase activity, hydrolyzing O-glycosyl compounds
GO:0004536	0.499183128683512	deoxyribonuclease activity
GO:0034641	0.495406362903562	cellular nitrogen compound metabolic process
GO:0090304	0.493143310281045	nucleic acid metabolic process
GO:0046903	0.492930621817601	secretion
GO:0006310	0.491314154870653	DNA recombination
GO:0090305	0.490984696550875	nucleic acid phosphodiester bond hydrolysis
GO:0008309	0.490984696550875	double-stranded DNA exodeoxyribonuclease activity
GO:0008409	0.490984696550875	5'-3' exonuclease activity
GO:0035312	0.490984696550875	5'-3' exodeoxyribonuclease activity
GO:0051908	0.490984696550875	double-stranded DNA 5'-3' exodeoxyribonuclease activity
GO:0046906	0.488706202838705	tetrapyrrole binding
GO:0006353	0.488024053318672	DNA-templated transcription, termination
GO:0031554	0.488024053318672	regulation of DNA-templated transcription, termination
GO:0043244	0.488024053318672	regulation of protein-containing complex disassembly
GO:0016799	0.486378637408078	hydrolase activity, hydrolyzing N-glycosyl compounds
GO:0006259	0.48402377029705	DNA metabolic process
GO:0004601	0.483453971793317	peroxidase activity
GO:0006139	0.482131674528352	nucleobase-containing compound metabolic process
GO:0004529	0.480363333400638	exodeoxyribonuclease activity
GO:0016796	0.480363333400638	exonuclease activity, active with either ribo- or deoxyribonucleic acids and producing 5'-phosphomonoesters
GO:0016895	0.480363333400638	exodeoxyribonuclease activity, producing 5'-phosphomonoesters
GO:0004527	0.477808533320113	exonuclease activity
GO:0006725	0.474239722557925	cellular aromatic compound metabolic process
GO:0016043	0.472967486668476	cellular component organization
GO:0071704	0.472132344797303	organic substance metabolic process
GO:0046483	0.47100886029067	heterocycle metabolic process
GO:1901360	0.469484578212334	organic cyclic compound metabolic process
GO:0006644	0.468404170153232	phospholipid metabolic process
GO:0008654	0.468404170153232	phospholipid biosynthetic process
GO:0043933	0.466010085626686	protein-containing complex organization
GO:0004518	0.463258815985307	nuclease activity
GO:0071840	0.457688030295293	cellular component organization or biogenesis
GO:0071705	0.453067891565886	nitrogen compound transport
GO:0009061	0.451241153482879	anaerobic respiration
GO:0019645	0.451241153482879	anaerobic electron transport chain
GO:0008233	0.449292390165011	peptidase activity
GO:0003697	0.44908985532854	single-stranded DNA binding
GO:0060703	0.448062612591939	deoxyribonuclease inhibitor activity
GO:0140721	0.448062612591939	nuclease inhibitor activity
GO:0006605	0.443612338001964	protein targeting
GO:0006886	0.443612338001964	intracellular protein transport
GO:0034613	0.443612338001964	cellular protein localization
GO:0046907	0.443612338001964	intracellular transport
GO:0051641	0.443612338001964	cellular localization
GO:0051649	0.443612338001964	establishment of localization in cell
GO:0070727	0.443612338001964	cellular macromolecule localization
GO:0044238	0.442263754542435	primary metabolic process
GO:0006996	0.440491155243052	organelle organization
GO:0022411	0.440378669607784	cellular component disassembly
GO:0032984	0.440378669607784	protein-containing complex disassembly
GO:0003674	0.438045551714105	molecular_function
GO:0015074	0.430112483270573	DNA integration
GO:0006508	0.417524147395127	proteolysis
GO:0006464	0.415725671731798	cellular protein modification process
GO:0036211	0.415725671731798	protein modification process
GO:0009306	0.41541772570722	protein secretion
GO:0032940	0.41541772570722	secretion by cell
GO:0035592	0.41541772570722	establishment of protein localization to extracellular region
GO:0071692	0.41541772570722	protein localization to extracellular region
GO:0140352	0.41541772570722	export from cell
GO:0045892	0.415237315691099	negative regulation of transcription, DNA-templated
GO:0045934	0.415237315691099	negative regulation of nucleobase-containing compound metabolic process
GO:0051253	0.415237315691099	negative regulation of RNA metabolic process
GO:1902679	0.415237315691099	negative regulation of RNA biosynthetic process
GO:1903507	0.415237315691099	negative regulation of nucleic acid-templated transcription
GO:0019538	0.410282333982232	protein metabolic process
GO:0006113	0.399304255118046	fermentation
GO:0009063	0.399304255118046	cellular amino acid catabolic process
GO:0019665	0.399304255118046	anaerobic amino acid catabolic process
GO:0019666	0.399304255118046	nitrogenous compound fermentation
GO:0019670	0.399304255118046	anaerobic glutamate catabolic process
GO:0008817	0.399304255118046	cob(I)yrinic acid a,c-diamide adenosyltransferase activity
GO:0050097	0.399304255118046	methylaspartate mutase activity
GO:0005509	0.398054626223941	calcium ion binding
GO:0008152	0.396703215370941	metabolic process
GO:0006091	0.394338472668645	generation of precursor metabolites and energy
GO:0032775	0.386520765483112	DNA methylation on adenine
GO:0009007	0.386520765483112	site-specific DNA-methyltransferase (adenine-specific) activity
GO:0009008	0.386520765483112	DNA-methyltransferase activity
GO:0008757	0.382725324106786	S-adenosylmethionine-dependent methyltransferase activity
GO:0008484	0.374261006188399	sulfuric ester hydrolase activity
GO:0043603	0.367190633248444	cellular amide metabolic process
GO:0050896	0.366249467920765	response to stimulus
GO:0006305	0.362072592233993	DNA alkylation
GO:0006306	0.362072592233993	DNA methylation
GO:0043414	0.362072592233993	macromolecule methylation
GO:0044728	0.362072592233993	DNA methylation or demethylation
GO:0003729	0.360814406458915	mRNA binding
GO:0046914	0.359703968397526	transition metal ion binding
GO:0140640	0.359693017675343	catalytic activity, acting on a nucleic acid
GO:0043167	0.355462187684804	ion binding
GO:0032259	0.353619691039189	methylation
GO:0140097	0.351552163833896	catalytic activity, acting on DNA
GO:0033036	0.344516208655318	macromolecule localization
GO:0022900	0.344435137261233	electron transport chain
GO:0004519	0.329432153970606	endonuclease activity
GO:0003896	0.324294749028761	DNA primase activity
GO:0015980	0.315680621131148	energy derivation by oxidation of organic compounds
GO:0008171	0.310939751613778	O-methyltransferase activity
GO:0007155	0.30560675452555	cell adhesion
GO:0015293	0.30459475332734	symporter activity
GO:0003824	0.30431583577409	catalytic activity
GO:0051537	0.302815745717472	2 iron, 2 sulfur cluster binding
GO:0008168	0.301460421713346	methyltransferase activity
GO:0042995	0.299370458498108	cell projection
GO:0042578	0.29841843010285	phosphoric ester hydrolase activity
GO:0005576	0.297940737010558	extracellular region
GO:0010468	0.293788140603087	regulation of gene expression
GO:0004386	0.291897520578368	helicase activity
GO:0031323	0.284385763773076	regulation of cellular metabolic process
GO:0051171	0.284385763773076	regulation of nitrogen compound metabolic process
GO:0080090	0.284385763773076	regulation of primary metabolic process
GO:0004857	0.284052021732202	enzyme inhibitor activity
GO:0009889	0.28271910274394	regulation of biosynthetic process
GO:0010556	0.28271910274394	regulation of macromolecule biosynthetic process
GO:0031326	0.28271910274394	regulation of cellular biosynthetic process
GO:0019222	0.282038468892811	regulation of metabolic process
GO:0060255	0.282038468892811	regulation of macromolecule metabolic process
GO:0051716	0.281576149621791	cellular response to stimulus
GO:0004803	0.27670598663521	transposase activity
GO:0006351	0.275838898483902	transcription, DNA-templated
GO:0097659	0.275838898483902	nucleic acid-templated transcription
GO:0032774	0.273456905982158	RNA biosynthetic process
GO:0016791	0.271873058739512	phosphatase activity
GO:0005737	0.271438531385622	cytoplasm
GO:0043546	0.267647508469106	molybdopterin cofactor binding
GO:0016684	0.267282755065401	oxidoreductase activity, acting on peroxide as acceptor
GO:0006313	0.266086732398539	transposition, DNA-mediated
GO:0032196	0.266086732398539	transposition
GO:0050794	0.265378314393914	regulation of cellular process
GO:0009439	0.264851885473039	cyanate metabolic process
GO:0004089	0.264851885473039	carbonate dehydratase activity
GO:0030234	0.264552461798658	enzyme regulator activity
GO:0098772	0.264552461798658	molecular function regulator activity
GO:0006355	0.263835625574685	regulation of transcription, DNA-templated
GO:1903506	0.263835625574685	regulation of nucleic acid-templated transcription
GO:0034654	0.262475201674815	nucleobase-containing compound biosynthetic process
GO:0050789	0.260971724472596	regulation of biological process
GO:0044267	0.259350328690767	cellular protein metabolic process
GO:0110165	0.257669388163096	cellular anatomical entity
GO:0019203	0.256583699799004	carbohydrate phosphatase activity
GO:0042132	0.256583699799004	fructose 1,6-bisphosphate 1-phosphatase activity
GO:0050308	0.256583699799004	sugar-phosphatase activity
GO:0019438	0.256548247489701	aromatic compound biosynthetic process
GO:0009289	0.254786230320378	pilus
GO:0019069	0.252633837337296	viral capsid assembly
GO:0009991	0.252513550311787	response to extracellular stimulus
GO:0031668	0.252513550311787	cellular response to extracellular stimulus
GO:0071496	0.252513550311787	cellular response to external stimulus
GO:0071555	0.252364438712018	cell wall organization
GO:0019219	0.251786963200204	regulation of nucleobase-containing compound metabolic process
GO:0022607	0.251165006912198	cellular component assembly
GO:0016209	0.250840900933278	antioxidant activity
GO:0065007	0.250301217115159	biological regulation
GO:0051252	0.25008962629625	regulation of RNA metabolic process
GO:2001141	0.25008962629625	regulation of RNA biosynthetic process
GO:0044271	0.248625489780781	cellular nitrogen compound biosynthetic process
GO:0016741	0.248264527295066	transferase activity, transferring one-carbon groups
GO:0051128	0.245973578540212	regulation of cellular component organization
GO:0045229	0.243635958944257	external encapsulating structure organization
GO:0022904	0.243130455076731	respiratory electron transport chain
GO:0016836	0.242952860188984	hydro-lyase activity
GO:0031419	0.242045311150749	cobalamin binding
GO:0010467	0.236990262533422	gene expression
GO:0004356	0.233446433348112	glutamate-ammonia ligase activity
GO:0016211	0.233446433348112	ammonia ligase activity
GO:0016880	0.233446433348112	acid-ammonia (or amide) ligase activity
GO:0006094	0.233133349326075	gluconeogenesis
GO:0019319	0.233133349326075	hexose biosynthetic process
GO:0046364	0.233133349326075	monosaccharide biosynthetic process
GO:0005575	0.232729304036746	cellular_component
GO:0017004	0.232534804132091	cytochrome complex assembly
GO:0008897	0.231048242787439	holo-[acyl-carrier-protein] synthase activity
GO:1901362	0.230531374238907	organic cyclic compound biosynthetic process
GO:0018130	0.230130418297861	heterocycle biosynthetic process
GO:0006098	0.229455505742923	pentose-phosphate shunt
GO:0006739	0.229455505742923	NADP metabolic process
GO:0006740	0.229455505742923	NADPH regeneration
GO:0009052	0.229455505742923	pentose-phosphate shunt, non-oxidative branch
GO:0009240	0.229455505742923	isopentenyl diphosphate biosynthetic process
GO:0019288	0.229455505742923	isopentenyl diphosphate biosynthetic process, methylerythritol 4-phosphate pathway
GO:0019682	0.229455505742923	glyceraldehyde-3-phosphate metabolic process
GO:0046490	0.229455505742923	isopentenyl diphosphate metabolic process
GO:0050992	0.229455505742923	dimethylallyl diphosphate biosynthetic process
GO:0050993	0.229455505742923	dimethylallyl diphosphate metabolic process
GO:0051156	0.229455505742923	glucose 6-phosphate metabolic process
GO:0003905	0.229455505742923	alkylbase DNA N-glycosylase activity
GO:0004652	0.229455505742923	polynucleotide adenylyltransferase activity
GO:0004751	0.229455505742923	ribose-5-phosphate isomerase activity
GO:0004810	0.229455505742923	tRNA adenylyltransferase activity
GO:0008725	0.229455505742923	DNA-3-methyladenine glycosylase activity
GO:0016726	0.229455505742923	oxidoreductase activity, acting on CH or CH2 groups, NAD or NADP as acceptor
GO:0019104	0.229455505742923	DNA N-glycosylase activity
GO:0043733	0.229455505742923	DNA-3-methylbase glycosylase activity
GO:0051745	0.229455505742923	4-hydroxy-3-methylbut-2-en-1-yl diphosphate reductase activity
GO:1990817	0.229455505742923	RNA adenylyltransferase activity
GO:0016651	0.228671072836159	oxidoreductase activity, acting on NAD(P)H
GO:0004175	0.228465746699383	endopeptidase activity
GO:0015318	0.227587845661982	inorganic molecular entity transmembrane transporter activity
GO:0001906	0.226937139532601	cell killing
GO:0031640	0.226937139532601	killing of cells of another organism
GO:0044179	0.226937139532601	hemolysis in another organism
GO:0051715	0.226937139532601	cytolysis in another organism
GO:0065003	0.226317718772201	protein-containing complex assembly
GO:0015700	0.224771858420112	arsenite transport
GO:0015105	0.224771858420112	arsenite transmembrane transporter activity
GO:0043412	0.22425079479317	macromolecule modification
GO:0015294	0.224212901643106	solute:cation symporter activity
GO:0016805	0.223659869161411	dipeptidase activity
GO:0044249	0.218935521053303	cellular biosynthetic process
GO:0005351	0.218507291049665	carbohydrate:proton symporter activity
GO:0005402	0.218507291049665	carbohydrate:cation symporter activity
GO:0015078	0.218507291049665	proton transmembrane transporter activity
GO:0015295	0.218507291049665	solute:proton symporter activity
GO:0016779	0.217660399267282	nucleotidyltransferase activity
GO:0044085	0.217177244029037	cellular component biogenesis
GO:0009432	0.215611270321952	SOS response
GO:0022611	0.215611270321952	dormancy process
GO:0000160	0.21437632384193	phosphorelay signal transduction system
GO:0035556	0.21437632384193	intracellular signal transduction
GO:0006006	0.214321528158272	glucose metabolic process
GO:0033013	0.213740457734506	tetrapyrrole metabolic process
GO:0033014	0.213740457734506	tetrapyrrole biosynthetic process
GO:0003887	0.213216299476615	DNA-directed DNA polymerase activity
GO:0034061	0.213216299476615	DNA polymerase activity
GO:0019867	0.212846267111273	outer membrane
GO:0016020	0.212793780071413	membrane
GO:0005216	0.211789129201398	ion channel activity
GO:0005253	0.211789129201398	anion channel activity
GO:0009059	0.208168910134183	macromolecule biosynthetic process
GO:0009235	0.203765104995796	cobalamin metabolic process
GO:0009236	0.203765104995796	cobalamin biosynthetic process
GO:0090407	0.2034582941314	organophosphate biosynthetic process
GO:0008170	0.201219205487882	N-methyltransferase activity
GO:0071949	0.199157817448995	FAD binding
GO:0005727	0.198257145254715	extrachromosomal circular DNA
GO:0046821	0.198257145254715	extrachromosomal DNA
GO:0030554	0.19692017828002	adenyl nucleotide binding
GO:0032559	0.19692017828002	adenyl ribonucleotide binding
GO:0016070	0.196059743908739	RNA metabolic process
GO:0071805	0.195623231253642	potassium ion transmembrane transport
GO:0005524	0.195229676445847	ATP binding
GO:0009615	0.193390287876364	response to virus
GO:0022890	0.193320413514699	inorganic cation transmembrane transporter activity
GO:0006084	0.192855574573603	acetyl-CoA metabolic process
GO:0006637	0.192855574573603	acyl-CoA metabolic process
GO:0035383	0.192855574573603	thioester metabolic process
GO:0051607	0.1908086067008	defense response to virus
GO:0140546	0.1908086067008	defense response to symbiont
GO:0043043	0.189048486040529	peptide biosynthetic process
GO:0043604	0.18722806906612	amide biosynthetic process
GO:0006766	0.18623133227637	vitamin metabolic process
GO:0006767	0.18623133227637	water-soluble vitamin metabolic process
GO:0009110	0.18623133227637	vitamin biosynthetic process
GO:0042364	0.18623133227637	water-soluble vitamin biosynthetic process
GO:0051536	0.185350869867447	iron-sulfur cluster binding
GO:0051540	0.185350869867447	metal cluster binding
GO:0030031	0.185222485344505	cell projection assembly
GO:0033865	0.184691063096463	nucleoside bisphosphate metabolic process
GO:0033875	0.184691063096463	ribonucleoside bisphosphate metabolic process
GO:0034032	0.184691063096463	purine nucleoside bisphosphate metabolic process
GO:0016835	0.18404036437741	carbon-oxygen lyase activity
GO:0003954	0.180678089713519	NADH dehydrogenase activity
GO:0003955	0.180678089713519	NAD(P)H dehydrogenase (quinone) activity
GO:0008137	0.180678089713519	NADH dehydrogenase (ubiquinone) activity
GO:0015453	0.180678089713519	oxidoreduction-driven active transmembrane transporter activity
GO:0016655	0.180678089713519	oxidoreductase activity, acting on NAD(P)H, quinone or similar compound as acceptor
GO:0050136	0.180678089713519	NADH dehydrogenase (quinone) activity
GO:0006412	0.179667960080727	translation
GO:0006518	0.178449219268635	peptide metabolic process
GO:0003899	0.177852978281931	DNA-directed 5'-3' RNA polymerase activity
GO:0034062	0.177852978281931	5'-3' RNA polymerase activity
GO:0097747	0.177852978281931	RNA polymerase activity
GO:0043570	0.177196070877617	maintenance of DNA repeat elements
GO:0043571	0.177196070877617	maintenance of CRISPR repeat elements
GO:0005618	0.177026956453523	cell wall
GO:0006935	0.176823041696584	chemotaxis
GO:0042330	0.176823041696584	taxis
GO:0003678	0.176474732370036	DNA helicase activity
GO:0016725	0.175294263559345	oxidoreductase activity, acting on CH or CH2 groups
GO:0140098	0.175228873459998	catalytic activity, acting on RNA
GO:0015103	0.173228888725249	inorganic anion transmembrane transporter activity
GO:0044282	0.1724780506105	small molecule catabolic process
GO:0008270	0.171630349146257	zinc ion binding
GO:0035639	0.170782593395919	purine ribonucleoside triphosphate binding
GO:0003735	0.169836816329977	structural constituent of ribosome
GO:0046983	0.169084068626108	protein dimerization activity
GO:0008324	0.169043707867718	cation transmembrane transporter activity
GO:1901576	0.168566230354238	organic substance biosynthetic process
GO:0045333	0.168138728590977	cellular respiration
GO:0006551	0.166485997639105	leucine metabolic process
GO:0009098	0.166485997639105	leucine biosynthetic process
GO:0017076	0.166279302314762	purine nucleotide binding
GO:0032555	0.166279302314762	purine ribonucleotide binding
GO:0030030	0.16542210933265	cell projection organization
GO:0009055	0.165033157791749	electron transfer activity
GO:0006276	0.164528825350915	plasmid maintenance
GO:0006772	0.158843933603967	thiamine metabolic process
GO:0009228	0.158843933603967	thiamine biosynthetic process
GO:0034308	0.158843933603967	primary alcohol metabolic process
GO:0034309	0.158843933603967	primary alcohol biosynthetic process
GO:0042723	0.158843933603967	thiamine-containing compound metabolic process
GO:0042724	0.158843933603967	thiamine-containing compound biosynthetic process
GO:0046165	0.158843933603967	alcohol biosynthetic process
GO:1901617	0.158843933603967	organic hydroxy compound biosynthetic process
GO:0042262	0.157098771037565	DNA protection
GO:0003978	0.156929531322	UDP-glucose 4-epimerase activity
GO:0008094	0.155591987593968	ATP-dependent activity, acting on DNA
GO:0009150	0.153267715349906	purine ribonucleotide metabolic process
GO:0009259	0.153267715349906	ribonucleotide metabolic process
GO:0019693	0.153267715349906	ribose phosphate metabolic process
GO:0006468	0.150750429212044	protein phosphorylation
GO:0008483	0.150165605998341	transaminase activity
GO:0016769	0.150165605998341	transferase activity, transferring nitrogenous groups
GO:0009605	0.149421301185469	response to external stimulus
GO:0009297	0.14924030516244	pilus assembly
GO:0043711	0.14924030516244	pilus organization
GO:0032553	0.145154633262277	ribonucleotide binding
GO:0006612	0.145119866162077	protein targeting to membrane
GO:0006613	0.145119866162077	cotranslational protein targeting to membrane
GO:0006614	0.145119866162077	SRP-dependent cotranslational protein targeting to membrane
GO:0033365	0.145119866162077	protein localization to organelle
GO:0044341	0.145119866162077	sodium-dependent phosphate transport
GO:0045047	0.145119866162077	protein targeting to ER
GO:0051668	0.145119866162077	localization within membrane
GO:0070972	0.145119866162077	protein localization to endoplasmic reticulum
GO:0072594	0.145119866162077	establishment of protein localization to organelle
GO:0072599	0.145119866162077	establishment of protein localization to endoplasmic reticulum
GO:0072657	0.145119866162077	protein localization to membrane
GO:0090150	0.145119866162077	establishment of protein localization to membrane
GO:0004417	0.145119866162077	hydroxyethylthiazole kinase activity
GO:0005436	0.145119866162077	sodium:phosphate symporter activity
GO:0008081	0.145119866162077	phosphoric diester hydrolase activity
GO:0008963	0.145119866162077	phospho-N-acetylmuramoyl-pentapeptide-transferase activity
GO:0006808	0.144398657671884	regulation of nitrogen utilization
GO:0019740	0.144398657671884	nitrogen utilization
GO:0005840	0.144178282745725	ribosome
GO:0072521	0.142490181534948	purine-containing compound metabolic process
GO:0015473	0.142184457028558	fimbrial usher porin activity
GO:0022853	0.141010364155399	active ion transmembrane transporter activity
GO:0008237	0.14047289665734	metallopeptidase activity
GO:0004520	0.139297512949661	endodeoxyribonuclease activity
GO:0009036	0.139297512949661	type II site-specific deoxyribonuclease activity
GO:0015666	0.139297512949661	restriction endodeoxyribonuclease activity
GO:0016888	0.139297512949661	endodeoxyribonuclease activity, producing 5'-phosphomonoesters
GO:0004721	0.138513703688658	phosphoprotein phosphatase activity
GO:0008138	0.138513703688658	protein tyrosine/serine/threonine phosphatase activity
GO:0008774	0.137946924359695	acetaldehyde dehydrogenase (acetylating) activity
GO:0006163	0.137664207053836	purine nucleotide metabolic process
GO:0006090	0.137602555714734	pyruvate metabolic process
GO:0015833	0.137244129708633	peptide transport
GO:0008657	0.136733894759007	DNA topoisomerase type II (double strand cut, ATP-hydrolyzing) inhibitor activity
GO:0042030	0.136733894759007	ATPase inhibitor activity
GO:0060590	0.136733894759007	ATPase regulator activity
GO:0072586	0.136733894759007	DNA topoisomerase type II (double strand cut, ATP-hydrolyzing) regulator activity
GO:0140678	0.136733894759007	molecular function inhibitor activity
GO:0018941	0.136704743027018	organomercury metabolic process
GO:0018942	0.136704743027018	organometal metabolic process
GO:0046413	0.136704743027018	organomercury catabolic process
GO:0018836	0.136704743027018	alkylmercury lyase activity
GO:0015093	0.136253459792513	ferrous iron transmembrane transporter activity
GO:0030151	0.1353989494484	molybdenum ion binding
GO:0046873	0.133493823160452	metal ion transmembrane transporter activity
GO:0006304	0.129208565994885	DNA modification
GO:0009081	0.128648109636013	branched-chain amino acid metabolic process
GO:0009082	0.128648109636013	branched-chain amino acid biosynthetic process
GO:0040011	0.128628821778442	locomotion
GO:0005506	0.126186178009086	iron ion binding
GO:0016810	0.125717837069599	hydrolase activity, acting on carbon-nitrogen (but not peptide) bonds
GO:0044780	0.12544435764096	bacterial-type flagellum assembly
GO:0070925	0.12544435764096	organelle assembly
GO:0140694	0.12544435764096	non-membrane-bounded organelle assembly
GO:0003755	0.122350948296783	peptidyl-prolyl cis-trans isomerase activity
GO:0016859	0.122350948296783	cis-trans isomerase activity
GO:0007154	0.121789930109708	cell communication
GO:0003723	0.121649961230416	RNA binding
GO:0009291	0.121194665655527	unidirectional conjugation
GO:0007165	0.120435786035728	signal transduction
GO:0070566	0.119050187771358	adenylyltransferase activity
GO:0043228	0.118141113422953	non-membrane-bounded organelle
GO:0003690	0.117825268889129	double-stranded DNA binding
GO:0006030	0.11722879988874	chitin metabolic process
GO:0006032	0.11722879988874	chitin catabolic process
GO:0046348	0.11722879988874	amino sugar catabolic process
GO:1901071	0.11722879988874	glucosamine-containing compound metabolic process
GO:1901072	0.11722879988874	glucosamine-containing compound catabolic process
GO:0004568	0.11722879988874	chitinase activity
GO:0043226	0.117120952095068	organelle
GO:0008610	0.116745386205843	lipid biosynthetic process
GO:0009292	0.114455901037454	horizontal gene transfer
GO:0042597	0.112680087531844	periplasmic space
GO:0009237	0.112359295131647	siderophore metabolic process
GO:0019290	0.112359295131647	siderophore biosynthetic process
GO:0044550	0.112359295131647	secondary metabolite biosynthetic process
GO:0015698	0.110440542892438	inorganic anion transport
GO:0015081	0.110266803245366	sodium ion transmembrane transporter activity
GO:0015370	0.110266803245366	solute:sodium symporter activity
GO:0009424	0.110011853721819	bacterial-type flagellum hook
GO:0003774	0.109882024795221	cytoskeletal motor activity
GO:0009058	0.109070863840287	biosynthetic process
GO:0006274	0.107553953796789	DNA replication termination
GO:0005622	0.105502923596329	intracellular anatomical structure
GO:0001539	0.104809232994721	cilium or flagellum-dependent cell motility
GO:0048870	0.104809232994721	cell motility
GO:0051674	0.104809232994721	localization of cell
GO:0071973	0.104809232994721	bacterial-type flagellum-dependent cell motility
GO:0097588	0.104809232994721	archaeal or bacterial-type flagellum-dependent cell motility
GO:0015291	0.104184866484087	secondary active transmembrane transporter activity
GO:0009427	0.103601042073238	bacterial-type flagellum basal body, distal rod, L ring
GO:0023052	0.102798100594691	signaling
GO:0051301	0.102470950458626	cell division
GO:0009425	0.0991854702523998	bacterial-type flagellum basal body
GO:0043531	0.0986161946013116	ADP binding
GO:0004190	0.0985872784832462	aspartic-type endopeptidase activity
GO:0070001	0.0985872784832462	aspartic-type peptidase activity
GO:0042886	0.0983363548053563	amide transport
GO:0006928	0.0970975075095209	movement of cell or subcellular component
GO:0009288	0.0969926752263659	bacterial-type flagellum
GO:0016866	0.0969357580286344	intramolecular transferase activity
GO:0048038	0.09689440591689	quinone binding
GO:0016311	0.0957593677926576	dephosphorylation
GO:0008641	0.0952547024861103	ubiquitin-like modifier activating enzyme activity
GO:0016740	0.0950231969962677	transferase activity
GO:0006536	0.0945624617600937	glutamate metabolic process
GO:0006537	0.0945624617600937	glutamate biosynthetic process
GO:0043650	0.0945624617600937	dicarboxylic acid biosynthetic process
GO:0015930	0.0945624617600937	glutamate synthase activity
GO:0044877	0.094199543569452	protein-containing complex binding
GO:0006275	0.0941712075793032	regulation of DNA replication
GO:0006432	0.0941712075793032	phenylalanyl-tRNA aminoacylation
GO:0051052	0.0941712075793032	regulation of DNA metabolic process
GO:0004181	0.0941712075793032	metallocarboxypeptidase activity
GO:0004826	0.0941712075793032	phenylalanine-tRNA ligase activity
GO:0008235	0.0941712075793032	metalloexopeptidase activity
GO:0070402	0.0941712075793032	NADPH binding
GO:0006352	0.094083664141349	DNA-templated transcription, initiation
GO:0030288	0.0939026403772141	outer membrane-bounded periplasmic space
GO:0016879	0.0910535256215948	ligase activity, forming carbon-nitrogen bonds
GO:0000150	0.0905598372852549	DNA strand exchange activity
GO:0004764	0.0900653364481309	shikimate 3-dehydrogenase (NADP+) activity
GO:0009426	0.0877788844206144	bacterial-type flagellum basal body, distal rod
GO:0030694	0.0877788844206144	bacterial-type flagellum basal body, rod
GO:0008107	0.0869771537650848	galactoside 2-alpha-L-fucosyltransferase activity
GO:0031127	0.0869771537650848	alpha-(1,2)-fucosyltransferase activity
GO:0015694	0.086647865968388	mercury ion transport
GO:0046689	0.086647865968388	response to mercury ion
GO:0050787	0.086647865968388	detoxification of mercury ion
GO:0061687	0.086647865968388	detoxification of inorganic compound
GO:0098754	0.086647865968388	detoxification
GO:0015097	0.086647865968388	mercury ion transmembrane transporter activity
GO:0016620	0.0864677607771928	oxidoreductase activity, acting on the aldehyde or oxo group of donors, NAD or NADP as acceptor
GO:0097367	0.0858884196899916	carbohydrate derivative binding
GO:0016877	0.0834122899291903	ligase activity, forming carbon-sulfur bonds
GO:0000003	0.0829250925954051	reproduction
GO:0000413	0.0829250925954051	protein peptidyl-prolyl isomerization
GO:0000910	0.0829250925954051	cytokinesis
GO:0007049	0.0829250925954051	cell cycle
GO:0017038	0.0829250925954051	protein import
GO:0018193	0.0829250925954051	peptidyl-amino acid modification
GO:0018208	0.0829250925954051	peptidyl-proline modification
GO:0019954	0.0829250925954051	asexual reproduction
GO:0022402	0.0829250925954051	cell cycle process
GO:0022414	0.0829250925954051	reproductive process
GO:0032505	0.0829250925954051	reproduction of a single-celled organism
GO:0032506	0.0829250925954051	cytokinetic process
GO:0043093	0.0829250925954051	FtsZ-dependent cytokinesis
GO:0090529	0.0829250925954051	cell septum assembly
GO:0019184	0.0828643453918699	nonribosomal peptide biosynthetic process
GO:0016893	0.0826223219337153	endonuclease activity, active with either ribo- or deoxyribonucleic acids and producing 5'-phosphomonoesters
GO:0004222	0.0815305267623957	metalloendopeptidase activity
GO:0003333	0.0803628593863949	amino acid transmembrane transport
GO:0032502	0.0802207383416086	developmental process
GO:0006144	0.0780930836991396	purine nucleobase metabolic process
GO:0006778	0.0780930836991396	porphyrin-containing compound metabolic process
GO:0006779	0.0780930836991396	porphyrin-containing compound biosynthetic process
GO:0009113	0.0780930836991396	purine nucleobase biosynthetic process
GO:0003937	0.0780930836991396	IMP cyclohydrolase activity
GO:0004637	0.0780930836991396	phosphoribosylamine-glycine ligase activity
GO:0004643	0.0780930836991396	phosphoribosylaminoimidazolecarboxamide formyltransferase activity
GO:0004853	0.0780930836991396	uroporphyrinogen decarboxylase activity
GO:0008762	0.0780930836991396	UDP-N-acetylmuramate dehydrogenase activity
GO:0016814	0.0780930836991396	hydrolase activity, acting on carbon-nitrogen (but not peptide) bonds, in cyclic amidines
GO:0019238	0.0780930836991396	cyclohydrolase activity
GO:0044781	0.0779358962764338	bacterial-type flagellum organization
GO:0043021	0.0775412912175123	ribonucleoprotein complex binding
GO:0043022	0.0775412912175123	ribosome binding
GO:0003747	0.0772086214700725	translation release factor activity
GO:0008079	0.0772086214700725	translation termination factor activity
GO:0008882	0.0755632124080642	[glutamate-ammonia-ligase] adenylyltransferase activity
GO:0006720	0.074562458183624	isoprenoid metabolic process
GO:0008299	0.074562458183624	isoprenoid biosynthetic process
GO:0003941	0.074562458183624	L-serine ammonia-lyase activity
GO:0019843	0.074562458183624	rRNA binding
GO:0000166	0.0737640790731902	nucleotide binding
GO:1901265	0.0737640790731902	nucleoside phosphate binding
GO:0043229	0.0732305175293587	intracellular organelle
GO:0043232	0.0732305175293587	intracellular non-membrane-bounded organelle
GO:1903825	0.0725037300874384	organic acid transmembrane transport
GO:1905039	0.0725037300874384	carboxylic acid transmembrane transport
GO:0034645	0.0720089595645014	cellular macromolecule biosynthetic process
GO:0009428	0.0713192285407138	bacterial-type flagellum basal body, distal rod, P ring
GO:0016868	0.0700966455657274	intramolecular transferase activity, phosphotransferases
GO:0016780	0.0690186049624952	phosphotransferase activity, for other substituted phosphate groups
GO:0005515	0.0688587798489914	protein binding
GO:0005283	0.0633206240681137	amino acid:sodium symporter activity
GO:0005343	0.0633206240681137	organic acid:sodium symporter activity
GO:0005416	0.0633206240681137	amino acid:cation symporter activity
GO:0015171	0.0633206240681137	amino acid transmembrane transporter activity
GO:0004470	0.0623295198588388	malic enzyme activity
GO:0004471	0.0623295198588388	malate dehydrogenase (decarboxylating) (NAD+) activity
GO:0016615	0.0623295198588388	malate dehydrogenase activity
GO:0006635	0.0608811600525637	fatty acid beta-oxidation
GO:0009062	0.0608811600525637	fatty acid catabolic process
GO:0016042	0.0608811600525637	lipid catabolic process
GO:0019395	0.0608811600525637	fatty acid oxidation
GO:0030258	0.0608811600525637	lipid modification
GO:0033539	0.0608811600525637	fatty acid beta-oxidation using acyl-CoA dehydrogenase
GO:0034440	0.0608811600525637	lipid oxidation
GO:0044242	0.0608811600525637	cellular lipid catabolic process
GO:0003995	0.0608811600525637	acyl-CoA dehydrogenase activity
GO:0098655	0.0605778018966447	cation transmembrane transport
GO:0098660	0.0605778018966447	inorganic ion transmembrane transport
GO:0098662	0.0605778018966447	inorganic cation transmembrane transport
GO:0030313	0.0605306067608697	cell envelope
GO:0031975	0.0605306067608697	envelope
GO:0046915	0.055532696286964	transition metal ion transmembrane transporter activity
GO:0009268	0.0550225289080543	response to pH
GO:0009628	0.0550225289080543	response to abiotic stimulus
GO:0010447	0.0550225289080543	response to acidic pH
GO:0015804	0.0543377841208076	neutral amino acid transport
GO:0032328	0.0543377841208076	alanine transport
GO:0015175	0.0543377841208076	neutral amino acid transmembrane transporter activity
GO:0015655	0.0543377841208076	alanine:sodium symporter activity
GO:0022858	0.0543377841208076	alanine transmembrane transporter activity
GO:0042802	0.0539579634026503	identical protein binding
GO:0042803	0.0539579634026503	protein homodimerization activity
GO:0070840	0.0539579634026503	dynein complex binding
GO:0008198	0.0520103456020155	ferrous iron binding
GO:0043168	0.0514605326731435	anion binding
GO:0031344	0.0510147488564396	regulation of cell projection organization
GO:0044087	0.0510147488564396	regulation of cellular component biogenesis
GO:0060491	0.0510147488564396	regulation of cell projection assembly
GO:1902115	0.0510147488564396	regulation of organelle assembly
GO:1902208	0.0510147488564396	regulation of bacterial-type flagellum assembly
GO:0048029	0.0507894166012549	monosaccharide binding
GO:0009891	0.0500850464572112	positive regulation of biosynthetic process
GO:0009893	0.0500850464572112	positive regulation of metabolic process
GO:0010557	0.0500850464572112	positive regulation of macromolecule biosynthetic process
GO:0010604	0.0500850464572112	positive regulation of macromolecule metabolic process
GO:0031325	0.0500850464572112	positive regulation of cellular metabolic process
GO:0031328	0.0500850464572112	positive regulation of cellular biosynthetic process
GO:0045893	0.0500850464572112	positive regulation of transcription, DNA-templated
GO:0045935	0.0500850464572112	positive regulation of nucleobase-containing compound metabolic process
GO:0051173	0.0500850464572112	positive regulation of nitrogen compound metabolic process
GO:0051254	0.0500850464572112	positive regulation of RNA metabolic process
GO:1902680	0.0500850464572112	positive regulation of RNA biosynthetic process
GO:1903508	0.0500850464572112	positive regulation of nucleic acid-templated transcription
GO:0008238	0.0496926789972317	exopeptidase activity
GO:1903509	0.0490471584736102	liposaccharide metabolic process
GO:0006629	0.048662282837948	lipid metabolic process
GO:0004252	0.0476436025935198	serine-type endopeptidase activity
GO:0016765	0.0474744572517239	transferase activity, transferring alkyl or aryl (other than methyl) groups
GO:0008417	0.0468535742626379	fucosyltransferase activity
GO:0015800	0.0465868332198834	acidic amino acid transport
GO:0015807	0.0465868332198834	L-amino acid transport
GO:0015813	0.0465868332198834	L-glutamate transmembrane transport
GO:1902475	0.0465868332198834	L-alpha-amino acid transmembrane transport
GO:0015501	0.0465868332198834	glutamate:sodium symporter activity
GO:0009271	0.0465507488189114	phage shock
GO:0098586	0.0465507488189114	cellular response to virus
GO:0070206	0.0459573649282467	protein trimerization
GO:0043462	0.0452008054637125	regulation of ATP-dependent activity
GO:0065009	0.0452008054637125	regulation of molecular function
GO:0006643	0.0448010595299851	membrane lipid metabolic process
GO:0006664	0.0448010595299851	glycolipid metabolic process
GO:0009245	0.0448010595299851	lipid A biosynthetic process
GO:0009247	0.0448010595299851	glycolipid biosynthetic process
GO:0009312	0.0448010595299851	oligosaccharide biosynthetic process
GO:0046467	0.0448010595299851	membrane lipid biosynthetic process
GO:0046493	0.0448010595299851	lipid A metabolic process
GO:1901269	0.0448010595299851	lipooligosaccharide metabolic process
GO:1901271	0.0448010595299851	lipooligosaccharide biosynthetic process
GO:0009029	0.0448010595299851	tetraacyldisaccharide 4'-kinase activity
GO:0006040	0.0441710117627486	amino sugar metabolic process
GO:0006865	0.0438083912389435	amino acid transport
GO:0006813	0.042491092254591	potassium ion transport
GO:0008272	0.0408183291601856	sulfate transport
GO:0072348	0.0408183291601856	sulfur compound transport
GO:0008252	0.0408183291601856	nucleotidase activity
GO:0008253	0.0408183291601856	5'-nucleotidase activity
GO:0015116	0.0408183291601856	sulfate transmembrane transporter activity
GO:1901682	0.0408183291601856	sulfur compound transmembrane transporter activity
GO:0008653	0.0392700880350729	lipopolysaccharide metabolic process
GO:0009103	0.0392700880350729	lipopolysaccharide biosynthetic process
GO:0009294	0.0385399810927703	DNA-mediated transformation
GO:0004425	0.0375175154191538	indole-3-glycerol-phosphate synthase activity
GO:0048518	0.0366149847567898	positive regulation of biological process
GO:0048522	0.0366149847567898	positive regulation of cellular process
GO:0033043	0.0360861648990463	regulation of organelle organization
GO:0030312	0.0358580605554601	external encapsulating structure
GO:0009254	0.0354319957228615	peptidoglycan turnover
GO:0008113	0.0354319957228615	peptide-methionine (S)-S-oxide reductase activity
GO:0016671	0.0354319957228615	oxidoreductase activity, acting on a sulfur group of donors, disulfide as acceptor
GO:0033743	0.0354319957228615	peptide-methionine (R)-S-oxide reductase activity
GO:0004557	0.0319963239953977	alpha-galactosidase activity
GO:0010035	0.0317518462140479	response to inorganic substance
GO:0010038	0.0317518462140479	response to metal ion
GO:0016987	0.0316775039774964	sigma factor activity
GO:0007010	0.0311831681095704	cytoskeleton organization
GO:0010638	0.0311831681095704	positive regulation of organelle organization
GO:0051130	0.0311831681095704	positive regulation of cellular component organization
GO:0051493	0.0311831681095704	regulation of cytoskeleton organization
GO:0051495	0.0311831681095704	positive regulation of cytoskeleton organization
GO:0036094	0.0309398616601784	small molecule binding
GO:0009073	0.0294137103117248	aromatic amino acid family biosynthetic process
GO:0004107	0.0294137103117248	chorismate synthase activity
GO:0016838	0.0294137103117248	carbon-oxygen lyase activity, acting on phosphates
GO:0004497	0.0294121485243274	monooxygenase activity
GO:0004499	0.0294121485243274	N,N-dimethylaniline monooxygenase activity
GO:0016709	0.0294121485243274	oxidoreductase activity, acting on paired donors, with incorporation or reduction of molecular oxygen, NAD(P)H as one donor, and incorporation of one atom of oxygen
GO:1904680	0.0282526788823591	peptide transmembrane transporter activity
GO:0072522	0.0277176914152074	purine-containing compound biosynthetic process
GO:0050829	0.0276912511209632	defense response to Gram-negative bacterium
GO:0009636	0.0276416636875966	response to toxic substance
GO:0016661	0.0263607654243945	oxidoreductase activity, acting on other nitrogenous compounds as donors
GO:0016662	0.0263607654243945	oxidoreductase activity, acting on other nitrogenous compounds as donors, cytochrome as acceptor
GO:0042279	0.0263607654243945	nitrite reductase (cytochrome, ammonia-forming) activity
GO:0098809	0.0263607654243945	nitrite reductase activity
GO:0003700	0.0261242269138962	DNA-binding transcription factor activity
GO:0140110	0.0261242269138962	transcription regulator activity
GO:0043138	0.0260173726474606	3'-5' DNA helicase activity
GO:0006817	0.0258869233348573	phosphate ion transport
GO:0019700	0.0247396764442096	organic phosphonate catabolic process
GO:0009084	0.0247294444653865	glutamine family amino acid biosynthetic process
GO:0046411	0.020511058686076	2-keto-3-deoxygluconate transmembrane transport
GO:0015355	0.020511058686076	secondary active monocarboxylate transmembrane transporter activity
GO:0015649	0.020511058686076	2-keto-3-deoxygluconate:proton symporter activity
GO:0004523	0.0200120947989673	RNA-DNA hybrid ribonuclease activity
GO:0004748	0.0200120947989673	ribonucleoside-diphosphate reductase activity, thioredoxin disulfide as acceptor
GO:0016728	0.0200120947989673	oxidoreductase activity, acting on CH or CH2 groups, disulfide as acceptor
GO:0061731	0.0200120947989673	ribonucleoside-diphosphate reductase activity
GO:0006004	0.019821549404146	fucose metabolic process
GO:0008736	0.019821549404146	L-fucose isomerase activity
GO:0006415	0.0193888536770496	translational termination
GO:0050661	0.019080509932357	NADP binding
GO:0003908	0.0182187954080416	methylated-DNA-[protein]-cysteine S-methyltransferase activity
GO:0008172	0.0182187954080416	S-methyltransferase activity
GO:0008135	0.0158838386683944	translation factor activity, RNA binding
GO:0045182	0.0158838386683944	translation regulator activity
GO:0090079	0.0158838386683944	translation regulator activity, nucleic acid binding
GO:0008771	0.0153020420012493	[citrate (pro-3S)-lyase] ligase activity
GO:0016878	0.0153020420012493	acid-thiol ligase activity
GO:0016831	0.0148613210305796	carboxy-lyase activity
GO:0005615	0.0145784605712477	extracellular space
GO:0090729	0.0145784605712477	toxin activity
GO:0000049	0.014409950613224	tRNA binding
GO:0015267	0.0128228814287541	channel activity
GO:0022803	0.0128228814287541	passive transmembrane transporter activity
GO:0016638	0.0117685270959593	oxidoreductase activity, acting on the CH-NH2 group of donors
GO:0009617	0.0114617066810142	response to bacterium
GO:0042742	0.0114617066810142	defense response to bacterium
GO:0019637	0.00983091571306791	organophosphate metabolic process
GO:0044255	0.0090425304887041	cellular lipid metabolic process
GO:0009341	0.00869877259242795	beta-galactosidase complex
GO:0015969	0.00645064268711569	guanosine tetraphosphate metabolic process
GO:0034035	0.00645064268711569	purine ribonucleoside bisphosphate metabolic process
GO:0006857	0.00644035350719644	oligopeptide transport
GO:0015814	0.00644035350719644	p-aminobenzoyl-glutamate transport
GO:0035442	0.00644035350719644	dipeptide transmembrane transport
GO:0035672	0.00644035350719644	oligopeptide transmembrane transport
GO:0042938	0.00644035350719644	dipeptide transport
GO:0072337	0.00644035350719644	modified amino acid transport
GO:1902604	0.00644035350719644	p-aminobenzoyl-glutamate transmembrane transport
GO:0005310	0.00644035350719644	dicarboxylic acid transmembrane transporter activity
GO:0015558	0.00644035350719644	secondary active p-aminobenzoyl-glutamate transmembrane transporter activity
GO:0035673	0.00644035350719644	oligopeptide transmembrane transporter activity
GO:0071916	0.00644035350719644	dipeptide transmembrane transporter activity
GO:0072349	0.00644035350719644	modified amino acid transmembrane transporter activity
GO:1901566	0.00504474198222917	organonitrogen compound biosynthetic process
GO:0015925	0.00343394485036034	galactosidase activity
GO:0016833	0.00247079393516772	oxo-acid-lyase activity
GO:0017013	8.73024490491572e-05	protein flavinylation
GO:0008375	-8.73024490491572e-05	acetylglucosaminyltransferase activity
GO:0004176	-0.00114547937528571	ATP-dependent peptidase activity
GO:0015675	-0.00116234475500908	nickel cation transport
GO:0035444	-0.00116234475500908	nickel cation transmembrane transport
GO:0015099	-0.00116234475500908	nickel cation transmembrane transporter activity
GO:0000041	-0.00283229728108385	transition metal ion transport
GO:0006952	-0.00326804931234657	defense response
GO:0015075	-0.00370568351018876	ion transmembrane transporter activity
GO:0004540	-0.004378536265261	ribonuclease activity
GO:0008649	-0.0058973495405288	rRNA methyltransferase activity
GO:0008855	-0.0058973495405288	exodeoxyribonuclease VII activity
GO:0003725	-0.00664818066492572	double-stranded RNA binding
GO:0015288	-0.00754634306443323	porin activity
GO:0022829	-0.00754634306443323	wide pore channel activity
GO:0008236	-0.00759630531534771	serine-type peptidase activity
GO:0017171	-0.00759630531534771	serine hydrolase activity
GO:0006821	-0.00954863056003625	chloride transport
GO:0005244	-0.00954863056003625	voltage-gated ion channel activity
GO:0005247	-0.00954863056003625	voltage-gated chloride channel activity
GO:0005254	-0.00954863056003625	chloride channel activity
GO:0008308	-0.00954863056003625	voltage-gated anion channel activity
GO:0015108	-0.00954863056003625	chloride transmembrane transporter activity
GO:0022832	-0.00954863056003625	voltage-gated channel activity
GO:0022836	-0.00954863056003625	gated channel activity
GO:0008408	-0.00974514752164498	3'-5' exonuclease activity
GO:0030255	-0.00984683805548751	protein secretion by the type IV secretion system
GO:0044097	-0.00984683805548751	secretion by the type IV secretion system
GO:0043648	-0.011122701598232	dicarboxylic acid metabolic process
GO:0044283	-0.0115132507096763	small molecule biosynthetic process
GO:0006835	-0.0131026788950993	dicarboxylic acid transport
GO:0004565	-0.013331702799549	beta-galactosidase activity
GO:0009279	-0.0154301077001359	cell outer membrane
GO:0005996	-0.0156560688950923	monosaccharide metabolic process
GO:0006213	-0.0159045206203817	pyrimidine nucleoside metabolic process
GO:0016226	-0.0159045206203817	iron-sulfur cluster assembly
GO:0031163	-0.0159045206203817	metallo-sulfur cluster assembly
GO:0008131	-0.0159648076520958	primary amine oxidase activity
GO:0016641	-0.0159648076520958	oxidoreductase activity, acting on the CH-NH2 group of donors, oxygen as acceptor
GO:0043207	-0.0191435652464354	response to external biotic stimulus
GO:0051707	-0.0191435652464354	response to other organism
GO:0043213	-0.0206670940840883	bacteriocin transport
GO:0008818	-0.021732260636697	cobalamin 5'-phosphate synthase activity
GO:0051073	-0.021732260636697	adenosylcobinamide-GDP ribazoletransferase activity
GO:0098542	-0.0232900101360885	defense response to other organism
GO:0016757	-0.0251628650300162	glycosyltransferase activity
GO:0019318	-0.0256348215197945	hexose metabolic process
GO:0016818	-0.0257652147307272	hydrolase activity, acting on acid anhydrides, in phosphorus-containing anhydrides
GO:0051179	-0.026660624537933	localization
GO:0015562	-0.026869785750188	efflux transmembrane transporter activity
GO:0016817	-0.0282044507646795	hydrolase activity, acting on acid anhydrides
GO:0004019	-0.028400575115875	adenylosuccinate synthase activity
GO:0051920	-0.028424140014064	peroxiredoxin activity
GO:0016887	-0.0285485712623366	ATP hydrolysis activity
GO:0008452	-0.0289763090851185	RNA ligase activity
GO:0015926	-0.0294800102819796	glucosidase activity
GO:0006164	-0.0296951392692159	purine nucleotide biosynthetic process
GO:0008704	-0.0308075933937032	5-carboxymethyl-2-hydroxymuconate delta-isomerase activity
GO:0016863	-0.0308075933937032	intramolecular oxidoreductase activity, transposing C=C bonds
GO:0016999	-0.0315718598867073	antibiotic metabolic process
GO:0017000	-0.0315718598867073	antibiotic biosynthetic process
GO:0071702	-0.0327411424569432	organic substance transport
GO:0006096	-0.0336283365842186	glycolytic process
GO:0006165	-0.0336283365842186	nucleoside diphosphate phosphorylation
GO:0006757	-0.0336283365842186	ATP generation from ADP
GO:0009132	-0.0336283365842186	nucleoside diphosphate metabolic process
GO:0009135	-0.0336283365842186	purine nucleoside diphosphate metabolic process
GO:0009179	-0.0336283365842186	purine ribonucleoside diphosphate metabolic process
GO:0009185	-0.0336283365842186	ribonucleoside diphosphate metabolic process
GO:0046031	-0.0336283365842186	ADP metabolic process
GO:0046939	-0.0336283365842186	nucleotide phosphorylation
GO:0004347	-0.0336283365842186	glucose-6-phosphate isomerase activity
GO:0008703	-0.0336283365842186	5-amino-6-(5-phosphoribosylamino)uracil reductase activity
GO:0008984	-0.0341239071233262	protein-glutamate methylesterase activity
GO:0051723	-0.0341239071233262	protein methylesterase activity
GO:0008173	-0.0343553209267678	RNA methyltransferase activity
GO:0009308	-0.0355423982037937	amine metabolic process
GO:0015939	-0.0358294082906575	pantothenate metabolic process
GO:0015940	-0.0358294082906575	pantothenate biosynthetic process
GO:0003864	-0.0358294082906575	3-methyl-2-oxobutanoate hydroxymethyltransferase activity
GO:0015740	-0.0361472332318261	C4-dicarboxylate transport
GO:0015556	-0.0361472332318261	C4-dicarboxylate transmembrane transporter activity
GO:0006805	-0.0364411004430584	xenobiotic metabolic process
GO:0009410	-0.0364411004430584	response to xenobiotic stimulus
GO:0010124	-0.0364411004430584	phenylacetate catabolic process
GO:0042178	-0.0364411004430584	xenobiotic catabolic process
GO:0042537	-0.0364411004430584	benzene-containing compound metabolic process
GO:0071466	-0.0364411004430584	cellular response to xenobiotic stimulus
GO:0043230	-0.0369557502976105	extracellular organelle
GO:0140657	-0.0373004337319084	ATP-dependent activity
GO:1901137	-0.0373104990311921	carbohydrate derivative biosynthetic process
GO:0003916	-0.0374652602781052	DNA topoisomerase activity
GO:0006265	-0.0380863757302246	DNA topological change
GO:0071103	-0.0380863757302246	DNA conformation change
GO:0005667	-0.0383252377394968	transcription regulator complex
GO:0017053	-0.0383252377394968	transcription repressor complex
GO:0110001	-0.0383252377394968	toxin-antitoxin complex
GO:0005315	-0.0384397347345624	inorganic phosphate transmembrane transporter activity
GO:0006059	-0.0385252066251645	hexitol metabolic process
GO:0019402	-0.0385252066251645	galactitol metabolic process
GO:0017111	-0.0400764427949103	nucleoside-triphosphatase activity
GO:0008811	-0.0405296346253006	chloramphenicol O-acetyltransferase activity
GO:0008374	-0.0405296346253006	O-acyltransferase activity
GO:0016413	-0.0405296346253006	O-acetyltransferase activity
GO:0006099	-0.0407852435469058	tricarboxylic acid cycle
GO:0051539	-0.0430853027225395	4 iron, 4 sulfur cluster binding
GO:0015934	-0.0465507488189114	large ribosomal subunit
GO:0044391	-0.0465507488189114	ribosomal subunit
GO:1990904	-0.0465507488189114	ribonucleoprotein complex
GO:0004040	-0.0465507488189114	amidase activity
GO:0070403	-0.0465507488189114	NAD+ binding
GO:0016462	-0.046826661175763	pyrophosphatase activity
GO:0030638	-0.0491171614589851	polyketide metabolic process
GO:0009607	-0.0502517637722181	response to biotic stimulus
GO:0016861	-0.0527218811281313	intramolecular oxidoreductase activity, interconverting aldoses and ketoses
GO:0007275	-0.0544081745387198	multicellular organism development
GO:0032501	-0.0544081745387198	multicellular organismal process
GO:0051604	-0.0546472758167622	protein maturation
GO:0008616	-0.0550225289080543	queuosine biosynthetic process
GO:0009119	-0.0550225289080543	ribonucleoside metabolic process
GO:0009163	-0.0550225289080543	nucleoside biosynthetic process
GO:0034404	-0.0550225289080543	nucleobase-containing small molecule biosynthetic process
GO:0036065	-0.0550225289080543	fucosylation
GO:0042455	-0.0550225289080543	ribonucleoside biosynthetic process
GO:0046116	-0.0550225289080543	queuosine metabolic process
GO:1901659	-0.0550225289080543	glycosyl compound biosynthetic process
GO:0016860	-0.0553220275195651	intramolecular oxidoreductase activity
GO:0006790	-0.0585391580665336	sulfur compound metabolic process
GO:0015079	-0.0599757345847465	potassium ion transmembrane transporter activity
GO:0006879	-0.0609112787746032	cellular iron ion homeostasis
GO:0055072	-0.0609112787746032	iron ion homeostasis
GO:0008199	-0.0609112787746032	ferric iron binding
GO:0016886	-0.0615012460589908	ligase activity, forming phosphoric ester bonds
GO:0009246	-0.0622113329036184	enterobacterial common antigen biosynthetic process
GO:0046378	-0.0622113329036184	enterobacterial common antigen metabolic process
GO:0006810	-0.0623656029036326	transport
GO:0051234	-0.0623656029036326	establishment of localization
GO:0016841	-0.0629705834055074	ammonia-lyase activity
GO:0019634	-0.0635115054210449	organic phosphonate metabolic process
GO:0005525	-0.0635944805066477	GTP binding
GO:0030001	-0.0641250390730166	metal ion transport
GO:0004672	-0.065024651352242	protein kinase activity
GO:0016874	-0.065334761627018	ligase activity
GO:0006013	-0.0654145069997877	mannose metabolic process
GO:0004559	-0.0654145069997877	alpha-mannosidase activity
GO:0015923	-0.0654145069997877	mannosidase activity
GO:0015703	-0.0659774268438166	chromate transport
GO:0015109	-0.0659774268438166	chromate transmembrane transporter activity
GO:0019748	-0.0682075852437328	secondary metabolic process
GO:0006750	-0.0684162151485207	glutathione biosynthetic process
GO:0004363	-0.0684162151485207	glutathione synthase activity
GO:0003911	-0.0693924394314245	DNA ligase (NAD+) activity
GO:0005381	-0.0699235922473749	iron ion transmembrane transporter activity
GO:0001522	-0.0703419242355454	pseudouridine synthesis
GO:0009982	-0.0703419242355454	pseudouridine synthase activity
GO:0004514	-0.0708813633289418	nicotinate-nucleotide diphosphorylase (carboxylating) activity
GO:0042221	-0.0725339924860622	response to chemical
GO:0006011	-0.073347681914487	UDP-glucose metabolic process
GO:0009225	-0.073347681914487	nucleotide-sugar metabolic process
GO:0006576	-0.0739445229232045	cellular biogenic amine metabolic process
GO:0044106	-0.0739445229232045	cellular amine metabolic process
GO:0015159	-0.076813376643019	polysaccharide transmembrane transporter activity
GO:0016855	-0.0781158240763201	racemase and epimerase activity, acting on amino acids and derivatives
GO:0036361	-0.0781158240763201	racemase activity, acting on amino acids and derivatives
GO:0046685	-0.0786114313143129	response to arsenic-containing substance
GO:0046677	-0.0799942001408354	response to antibiotic
GO:0070567	-0.0801526173596257	cytidylyltransferase activity
GO:0016763	-0.0805178730913227	pentosyltransferase activity
GO:0003910	-0.0821121798269363	DNA ligase (ATP) activity
GO:0008830	-0.082455818061099	dTDP-4-dehydrorhamnose 3,5-epimerase activity
GO:0009360	-0.0831209262643459	DNA polymerase III complex
GO:0042575	-0.0831209262643459	DNA polymerase complex
GO:0061695	-0.0831209262643459	transferase complex, transferring phosphorus-containing groups
GO:0140535	-0.0831209262643459	intracellular protein-containing complex
GO:1990234	-0.0831209262643459	transferase complex
GO:0000156	-0.0832827929488569	phosphorelay response regulator activity
GO:0006855	-0.0842790642752711	xenobiotic transmembrane transport
GO:0042908	-0.0842790642752711	xenobiotic transport
GO:0006826	-0.084726671754282	iron ion transport
GO:0006413	-0.0849423670995176	translational initiation
GO:0016830	-0.0855257657170789	carbon-carbon lyase activity
GO:0003918	-0.0858118903403064	DNA topoisomerase type II (double strand cut, ATP-hydrolyzing) activity
GO:0002161	-0.0878145483929877	aminoacyl-tRNA editing activity
GO:0022613	-0.0892878185113549	ribonucleoprotein complex biogenesis
GO:0042254	-0.0892878185113549	ribosome biogenesis
GO:0008658	-0.0924036150189152	penicillin binding
GO:0033218	-0.0924036150189152	amide binding
GO:0033293	-0.0924036150189152	monocarboxylic acid binding
GO:0001558	-0.0928108948681422	regulation of cell growth
GO:0016049	-0.0928108948681422	cell growth
GO:0040007	-0.0928108948681422	growth
GO:0040008	-0.0928108948681422	regulation of growth
GO:0097351	-0.0928108948681422	toxin sequestering activity
GO:0140313	-0.0928108948681422	molecular sequestering activity
GO:0006556	-0.0931148462356403	S-adenosylmethionine biosynthetic process
GO:0046500	-0.0931148462356403	S-adenosylmethionine metabolic process
GO:0004478	-0.0931148462356403	methionine adenosyltransferase activity
GO:0016832	-0.0931243566058843	aldehyde-lyase activity
GO:0044272	-0.093256996215546	sulfur compound biosynthetic process
GO:0009072	-0.093331463685555	aromatic amino acid family metabolic process
GO:0005507	-0.0938141723546227	copper ion binding
GO:0016774	-0.0945866200665289	phosphotransferase activity, carboxyl group as acceptor
GO:0006796	-0.0955471390443102	phosphate-containing compound metabolic process
GO:0019001	-0.0965212135091896	guanyl nucleotide binding
GO:0032561	-0.0965212135091896	guanyl ribonucleotide binding
GO:0048878	-0.0969095903856922	chemical homeostasis
GO:0050801	-0.0969095903856922	ion homeostasis
GO:0055065	-0.0969095903856922	metal ion homeostasis
GO:0055076	-0.0969095903856922	transition metal ion homeostasis
GO:0055080	-0.0969095903856922	cation homeostasis
GO:0098771	-0.0969095903856922	inorganic ion homeostasis
GO:0003909	-0.0970017425163193	DNA ligase activity
GO:0016881	-0.0973643331245128	acid-amino acid ligase activity
GO:0006754	-0.0974401833557193	ATP biosynthetic process
GO:0009141	-0.0974401833557193	nucleoside triphosphate metabolic process
GO:0009142	-0.0974401833557193	nucleoside triphosphate biosynthetic process
GO:0009144	-0.0974401833557193	purine nucleoside triphosphate metabolic process
GO:0009145	-0.0974401833557193	purine nucleoside triphosphate biosynthetic process
GO:0009152	-0.0974401833557193	purine ribonucleotide biosynthetic process
GO:0009199	-0.0974401833557193	ribonucleoside triphosphate metabolic process
GO:0009201	-0.0974401833557193	ribonucleoside triphosphate biosynthetic process
GO:0009205	-0.0974401833557193	purine ribonucleoside triphosphate metabolic process
GO:0009206	-0.0974401833557193	purine ribonucleoside triphosphate biosynthetic process
GO:0009260	-0.0974401833557193	ribonucleotide biosynthetic process
GO:0015986	-0.0974401833557193	proton motive force-driven ATP synthesis
GO:0030163	-0.0974401833557193	protein catabolic process
GO:0046390	-0.0974401833557193	ribose phosphate biosynthetic process
GO:0004451	-0.0974401833557193	isocitrate lyase activity
GO:0004645	-0.0974401833557193	1,4-alpha-oligoglucan phosphorylase activity
GO:0008184	-0.0974401833557193	glycogen phosphorylase activity
GO:0008772	-0.0974401833557193	[isocitrate dehydrogenase (NADP+)] kinase activity
GO:0008914	-0.0974401833557193	leucyltransferase activity
GO:0008927	-0.0974401833557193	mannonate dehydratase activity
GO:0016755	-0.0974401833557193	aminoacyltransferase activity
GO:0009267	-0.0980204574763737	cellular response to starvation
GO:0031667	-0.0980204574763737	response to nutrient levels
GO:0031669	-0.0980204574763737	cellular response to nutrient levels
GO:0042594	-0.0980204574763737	response to starvation
GO:0009435	-0.0982308171567076	NAD biosynthetic process
GO:0019359	-0.0982308171567076	nicotinamide nucleotide biosynthetic process
GO:0019362	-0.0982308171567076	pyridine nucleotide metabolic process
GO:0019363	-0.0982308171567076	pyridine nucleotide biosynthetic process
GO:0046496	-0.0982308171567076	nicotinamide nucleotide metabolic process
GO:0072524	-0.0982308171567076	pyridine-containing compound metabolic process
GO:0072525	-0.0982308171567076	pyridine-containing compound biosynthetic process
GO:0015716	-0.0986161946013116	organic phosphonate transport
GO:0055070	-0.0992995166413502	copper ion homeostasis
GO:0006812	-0.10092832320741	cation transport
GO:0003743	-0.101264427388744	translation initiation factor activity
GO:0009165	-0.101793532460399	nucleotide biosynthetic process
GO:1901293	-0.101793532460399	nucleoside phosphate biosynthetic process
GO:0003842	-0.103304437921141	1-pyrroline-5-carboxylate dehydrogenase activity
GO:0034755	-0.106389689511319	iron ion transmembrane transport
GO:0033573	-0.106389689511319	high-affinity iron permease complex
GO:1905862	-0.106389689511319	ferroxidase complex
GO:1990204	-0.106389689511319	oxidoreductase complex
GO:0005539	-0.107336973708707	glycosaminoglycan binding
GO:0042834	-0.107336973708707	peptidoglycan binding
GO:0008556	-0.1074186881937	P-type potassium transmembrane transporter activity
GO:0015662	-0.1074186881937	P-type ion transporter activity
GO:0019829	-0.1074186881937	ATPase-coupled cation transmembrane transporter activity
GO:0140358	-0.1074186881937	P-type transmembrane transporter activity
GO:0052689	-0.108475701999876	carboxylic ester hydrolase activity
GO:0022884	-0.110257487912727	macromolecule transmembrane transporter activity
GO:0042545	-0.110647801455023	cell wall modification
GO:0030599	-0.110647801455023	pectinesterase activity
GO:0006793	-0.11097477624467	phosphorus metabolic process
GO:0006771	-0.111704723989551	riboflavin metabolic process
GO:0009231	-0.111704723989551	riboflavin biosynthetic process
GO:0042726	-0.111704723989551	flavin-containing compound metabolic process
GO:0042727	-0.111704723989551	flavin-containing compound biosynthetic process
GO:0000255	-0.112321795555635	allantoin metabolic process
GO:0000256	-0.112321795555635	allantoin catabolic process
GO:0050385	-0.112321795555635	ureidoglycolate lyase activity
GO:0006873	-0.11257186205725	cellular ion homeostasis
GO:0006875	-0.11257186205725	cellular metal ion homeostasis
GO:0030003	-0.11257186205725	cellular cation homeostasis
GO:0046916	-0.11257186205725	cellular transition metal ion homeostasis
GO:0055082	-0.11257186205725	cellular chemical homeostasis
GO:1902494	-0.113548610263494	catalytic complex
GO:0030551	-0.114264397129012	cyclic nucleotide binding
GO:0035438	-0.114264397129012	cyclic-di-GMP binding
GO:0000902	-0.115227215796994	cell morphogenesis
GO:0009653	-0.115227215796994	anatomical structure morphogenesis
GO:0006397	-0.115871253502051	mRNA processing
GO:0016071	-0.115871253502051	mRNA metabolic process
GO:0015297	-0.116066973415948	antiporter activity
GO:0006364	-0.118429446753783	rRNA processing
GO:0016072	-0.118429446753783	rRNA metabolic process
GO:0006012	-0.118882059604631	galactose metabolic process
GO:0006050	-0.119437048222565	mannosamine metabolic process
GO:0006051	-0.119437048222565	N-acetylmannosamine metabolic process
GO:0047465	-0.119437048222565	N-acylglucosamine-6-phosphate 2-epimerase activity
GO:0000096	-0.119547076216804	sulfur amino acid metabolic process
GO:0006555	-0.119547076216804	methionine metabolic process
GO:0006777	-0.121582042870039	Mo-molybdopterin cofactor biosynthetic process
GO:0019720	-0.121582042870039	Mo-molybdopterin cofactor metabolic process
GO:0043545	-0.121582042870039	molybdopterin cofactor metabolic process
GO:0003857	-0.121679571637579	3-hydroxyacyl-CoA dehydrogenase activity
GO:0016743	-0.122027633702386	carboxyl- or carbamoyltransferase activity
GO:0006568	-0.122709682374302	tryptophan metabolic process
GO:0006586	-0.122709682374302	indolalkylamine metabolic process
GO:0042430	-0.122709682374302	indole-containing compound metabolic process
GO:0004640	-0.122709682374302	phosphoribosylanthranilate isomerase activity
GO:0051189	-0.12315142678591	prosthetic group metabolic process
GO:0006354	-0.12334297726719	DNA-templated transcription, elongation
GO:0032784	-0.12334297726719	regulation of DNA-templated transcription, elongation
GO:0002949	-0.12334297726719	tRNA threonylcarbamoyladenosine modification
GO:0006269	-0.12334297726719	DNA replication, synthesis of RNA primer
GO:0006414	-0.12334297726719	translational elongation
GO:0006526	-0.12334297726719	arginine biosynthetic process
GO:0006528	-0.12334297726719	asparagine metabolic process
GO:0006529	-0.12334297726719	asparagine biosynthetic process
GO:0008360	-0.12334297726719	regulation of cell shape
GO:0015977	-0.12334297726719	carbon fixation
GO:0022603	-0.12334297726719	regulation of anatomical structure morphogenesis
GO:0022604	-0.12334297726719	regulation of cell morphogenesis
GO:0043163	-0.12334297726719	cell envelope organization
GO:0043165	-0.12334297726719	Gram-negative-bacterium-type cell outer membrane assembly
GO:0044091	-0.12334297726719	membrane biogenesis
GO:0050793	-0.12334297726719	regulation of developmental process
GO:0051191	-0.12334297726719	prosthetic group biosynthetic process
GO:0061024	-0.12334297726719	membrane organization
GO:0070525	-0.12334297726719	tRNA threonylcarbamoyladenosine metabolic process
GO:0071709	-0.12334297726719	membrane assembly
GO:0009346	-0.12334297726719	ATP-independent citrate lyase complex
GO:0019008	-0.12334297726719	molybdopterin synthase complex
GO:0001216	-0.12334297726719	DNA-binding transcription activator activity
GO:0003746	-0.12334297726719	translation elongation factor activity
GO:0004055	-0.12334297726719	argininosuccinate synthase activity
GO:0004066	-0.12334297726719	asparagine synthase (glutamine-hydrolyzing) activity
GO:0004150	-0.12334297726719	dihydroneopterin aldolase activity
GO:0004357	-0.12334297726719	glutamate-cysteine ligase activity
GO:0004489	-0.12334297726719	methylenetetrahydrofolate reductase (NAD(P)H) activity
GO:0004609	-0.12334297726719	phosphatidylserine decarboxylase activity
GO:0004611	-0.12334297726719	phosphoenolpyruvate carboxykinase activity
GO:0005534	-0.12334297726719	galactose binding
GO:0008108	-0.12334297726719	UDP-glucose:hexose-1-phosphate uridylyltransferase activity
GO:0008320	-0.12334297726719	protein transmembrane transporter activity
GO:0008686	-0.12334297726719	3,4-dihydroxy-2-butanone-4-phosphate synthase activity
GO:0008814	-0.12334297726719	citrate CoA-transferase activity
GO:0008880	-0.12334297726719	glucuronate isomerase activity
GO:0008964	-0.12334297726719	phosphoenolpyruvate carboxylase activity
GO:0008987	-0.12334297726719	quinolinate synthetase A activity
GO:0015450	-0.12334297726719	protein-transporting ATPase activity
GO:0016849	-0.12334297726719	phosphorus-oxygen lyase activity
GO:0016884	-0.12334297726719	carbon-nitrogen ligase activity, with glutamine as amido-N-donor
GO:0030983	-0.12334297726719	mismatched DNA binding
GO:0033897	-0.12334297726719	ribonuclease T2 activity
GO:0043772	-0.12334297726719	acyl-phosphate glycerol-3-phosphate acyltransferase activity
GO:0046917	-0.12334297726719	triphosphoribosyl-dephospho-CoA synthase activity
GO:0050380	-0.12334297726719	undecaprenyl-diphosphatase activity
GO:0052855	-0.12334297726719	ADP-dependent NAD(P)H-hydrate dehydratase activity
GO:0070569	-0.12334297726719	uridylyltransferase activity
GO:0140318	-0.12334297726719	protein transporter activity
GO:0044270	-0.123976606558509	cellular nitrogen compound catabolic process
GO:0006749	-0.124432920175899	glutathione metabolic process
GO:0034220	-0.125005611393755	ion transmembrane transport
GO:0006878	-0.12583604967025	cellular copper ion homeostasis
GO:0046688	-0.12583604967025	response to copper ion
GO:0042910	-0.125848669708134	xenobiotic transmembrane transporter activity
GO:0048856	-0.126188834644822	anatomical structure development
GO:0015298	-0.126517847365399	solute:cation antiporter activity
GO:0015299	-0.126517847365399	solute:proton antiporter activity
GO:0019299	-0.127234298883746	rhamnose metabolic process
GO:0008740	-0.127234298883746	L-rhamnose isomerase activity
GO:0030145	-0.127234298883746	manganese ion binding
GO:0009451	-0.127336425437538	RNA modification
GO:0009295	-0.127970556618169	nucleoid
GO:0016903	-0.128639807799853	oxidoreductase activity, acting on the aldehyde or oxo group of donors
GO:0070008	-0.129249014708772	serine-type exopeptidase activity
GO:0005694	-0.131615882843493	chromosome
GO:0047429	-0.132679290519242	nucleoside-triphosphate diphosphatase activity
GO:0016705	-0.134503552336014	oxidoreductase activity, acting on paired donors, with incorporation or reduction of molecular oxygen
GO:0009404	-0.134991915843716	toxin metabolic process
GO:0006541	-0.135898407354716	glutamine metabolic process
GO:0004359	-0.135898407354716	glutaminase activity
GO:0006487	-0.136109452729201	protein N-linked glycosylation
GO:0006488	-0.136109452729201	dolichol-linked oligosaccharide biosynthetic process
GO:0006490	-0.136109452729201	oligosaccharide-lipid intermediate biosynthetic process
GO:0015695	-0.136704743027018	organic cation transport
GO:0015837	-0.136704743027018	amine transport
GO:0034229	-0.136704743027018	ethanolamine transport
GO:0005275	-0.136704743027018	amine transmembrane transporter activity
GO:0015101	-0.136704743027018	organic cation transmembrane transporter activity
GO:0015665	-0.136704743027018	alcohol transmembrane transporter activity
GO:0034228	-0.136704743027018	ethanolamine transmembrane transporter activity
GO:0008080	-0.1381353890971	N-acetyltransferase activity
GO:0016410	-0.1381353890971	N-acyltransferase activity
GO:0034069	-0.1381353890971	aminoglycoside N-acetyltransferase activity
GO:0046353	-0.1381353890971	aminoglycoside 3-N-acetyltransferase activity
GO:0005215	-0.13938725861479	transporter activity
GO:0016491	-0.140622838371252	oxidoreductase activity
GO:0006457	-0.141064488003842	protein folding
GO:0042887	-0.141719486722589	amide transmembrane transporter activity
GO:0009307	-0.142656797858831	DNA restriction-modification system
GO:0044355	-0.142656797858831	clearance of foreign intracellular DNA
GO:0099046	-0.142656797858831	clearance of foreign intracellular nucleic acids
GO:0019842	-0.143084967168257	vitamin binding
GO:0000272	-0.143218832348614	polysaccharide catabolic process
GO:0010393	-0.143218832348614	galacturonan metabolic process
GO:0045488	-0.143218832348614	pectin metabolic process
GO:0045490	-0.143218832348614	pectin catabolic process
GO:0016837	-0.143218832348614	carbon-oxygen lyase activity, acting on polysaccharides
GO:0047487	-0.143218832348614	oligogalacturonide lyase activity
GO:0033692	-0.14351475686904	cellular polysaccharide biosynthetic process
GO:0034637	-0.14351475686904	cellular carbohydrate biosynthetic process
GO:0044264	-0.14351475686904	cellular polysaccharide metabolic process
GO:0008851	-0.143980323651059	ethanolamine ammonia-lyase activity
GO:0042592	-0.144260063237614	homeostatic process
GO:0000105	-0.144714603345078	histidine biosynthetic process
GO:0006547	-0.144714603345078	histidine metabolic process
GO:0006418	-0.146192830896175	tRNA aminoacylation for protein translation
GO:0004180	-0.146330919114075	carboxypeptidase activity
GO:1901607	-0.146720347062288	alpha-amino acid biosynthetic process
GO:0045454	-0.148379884427248	cell redox homeostasis
GO:0098657	-0.148958716830773	import into cell
GO:0006751	-0.149252098477027	glutathione catabolic process
GO:0042219	-0.149252098477027	cellular modified amino acid catabolic process
GO:0043171	-0.149252098477027	peptide catabolic process
GO:0044273	-0.149252098477027	sulfur compound catabolic process
GO:0003839	-0.149252098477027	gamma-glutamylcyclotransferase activity
GO:0019725	-0.151727396394841	cellular homeostasis
GO:0016840	-0.152183828932005	carbon-nitrogen lyase activity
GO:0004866	-0.152515620022745	endopeptidase inhibitor activity
GO:0030414	-0.152515620022745	peptidase inhibitor activity
GO:0061134	-0.152515620022745	peptidase regulator activity
GO:0061135	-0.152515620022745	endopeptidase regulator activity
GO:0008745	-0.153954238990613	N-acetylmuramoyl-L-alanine amidase activity
GO:0006419	-0.155339460200811	alanyl-tRNA aminoacylation
GO:0004813	-0.155339460200811	alanine-tRNA ligase activity
GO:0016054	-0.155993620841926	organic acid catabolic process
GO:0046395	-0.155993620841926	carboxylic acid catabolic process
GO:0006063	-0.157114834639587	uronic acid metabolic process
GO:0006064	-0.157114834639587	glucuronate catabolic process
GO:0006106	-0.157114834639587	fumarate metabolic process
GO:0006400	-0.157114834639587	tRNA modification
GO:0019585	-0.157114834639587	glucuronate metabolic process
GO:0017150	-0.157114834639587	tRNA dihydrouridine synthase activity
GO:0106413	-0.157114834639587	dihydrouridine synthase activity
GO:0003924	-0.15824938437922	GTPase activity
GO:0016891	-0.158277763044458	endoribonuclease activity, producing 5'-phosphomonoesters
GO:0065008	-0.160262004756057	regulation of biological quality
GO:0042919	-0.160854193740186	benzoate transport
GO:0042925	-0.160854193740186	benzoate transmembrane transporter activity
GO:0051082	-0.161329714239836	unfolded protein binding
GO:0022857	-0.161962089467076	transmembrane transporter activity
GO:0009401	-0.1620701252734	phosphoenolpyruvate-dependent sugar phosphotransferase system
GO:0098704	-0.1620701252734	carbohydrate import across plasma membrane
GO:0098739	-0.1620701252734	import across plasma membrane
GO:0007267	-0.165407014322788	cell-cell signaling
GO:0009372	-0.165407014322788	quorum sensing
GO:0009595	-0.165407014322788	detection of biotic stimulus
GO:0051606	-0.165407014322788	detection of stimulus
GO:0060245	-0.165407014322788	detection of cell density
GO:0006081	-0.165752274716234	cellular aldehyde metabolic process
GO:0016625	-0.169582747073299	oxidoreductase activity, acting on the aldehyde or oxo group of donors, iron-sulfur protein as acceptor
GO:0042558	-0.170966117940638	pteridine-containing compound metabolic process
GO:0006753	-0.171228178512459	nucleoside phosphate metabolic process
GO:0009117	-0.171228178512459	nucleotide metabolic process
GO:0009002	-0.172025457906268	serine-type D-Ala-D-Ala carboxypeptidase activity
GO:0016742	-0.174271629946902	hydroxymethyl-, formyl- and related transferase activity
GO:0010827	-0.175215477686579	regulation of glucose transmembrane transport
GO:0010829	-0.175215477686579	negative regulation of glucose transmembrane transport
GO:0034762	-0.175215477686579	regulation of transmembrane transport
GO:0034763	-0.175215477686579	negative regulation of transmembrane transport
GO:0046323	-0.175215477686579	glucose import
GO:0046324	-0.175215477686579	regulation of glucose import
GO:0046325	-0.175215477686579	negative regulation of glucose import
GO:0051051	-0.175215477686579	negative regulation of transport
GO:1904659	-0.175215477686579	glucose transmembrane transport
GO:0009060	-0.175409716220267	aerobic respiration
GO:0006066	-0.175758359147263	alcohol metabolic process
GO:1901615	-0.175758359147263	organic hydroxy compound metabolic process
GO:0016853	-0.176205105225881	isomerase activity
GO:0043038	-0.176502883754458	amino acid activation
GO:0043039	-0.176502883754458	tRNA aminoacylation
GO:0015399	-0.176571305822923	primary active transmembrane transporter activity
GO:0042126	-0.176596582315463	nitrate metabolic process
GO:0042128	-0.176596582315463	nitrate assimilation
GO:2001057	-0.176596582315463	reactive nitrogen species metabolic process
GO:0030246	-0.177635981387751	carbohydrate binding
GO:0004185	-0.177751800717575	serine-type carboxypeptidase activity
GO:0004812	-0.178890749097139	aminoacyl-tRNA ligase activity
GO:0016875	-0.178890749097139	ligase activity, forming carbon-oxygen bonds
GO:0016829	-0.180036027278116	lyase activity
GO:0015849	-0.180482178976053	organic acid transport
GO:0000155	-0.182415586823549	phosphorelay sensor kinase activity
GO:0004673	-0.182415586823549	protein histidine kinase activity
GO:0016775	-0.182415586823549	phosphotransferase activity, nitrogenous group as acceptor
GO:0140299	-0.182415586823549	small molecule sensor activity
GO:0016301	-0.182682736151711	kinase activity
GO:0016842	-0.183770364757449	amidine-lyase activity
GO:0008652	-0.183956121603651	cellular amino acid biosynthetic process
GO:0016021	-0.184012199882329	integral component of membrane
GO:0031224	-0.184012199882329	intrinsic component of membrane
GO:0008509	-0.184838165090021	anion transmembrane transporter activity
GO:0140101	-0.186862581511129	catalytic activity, acting on a tRNA
GO:0009116	-0.191882101211257	nucleoside metabolic process
GO:1901657	-0.191882101211257	glycosyl compound metabolic process
GO:0006811	-0.191954621381374	ion transport
GO:0006396	-0.192026226793576	RNA processing
GO:0042626	-0.192703746725792	ATPase-coupled transmembrane transporter activity
GO:0031555	-0.192918832329147	transcriptional attenuation
GO:0031556	-0.192918832329147	transcriptional attenuation by ribosome
GO:0047355	-0.196198013818543	CDP-glycerol glycerophosphotransferase activity
GO:0004521	-0.196369236136612	endoribonuclease activity
GO:0070887	-0.196715797501322	cellular response to chemical stimulus
GO:0006298	-0.197110373564959	mismatch repair
GO:0006631	-0.198058424861411	fatty acid metabolic process
GO:0016597	-0.198879521069656	amino acid binding
GO:0034219	-0.200254099586734	carbohydrate transmembrane transport
GO:0030170	-0.200259480595465	pyridoxal phosphate binding
GO:0070279	-0.200259480595465	vitamin B6 binding
GO:0009396	-0.201120655272182	folic acid-containing compound biosynthetic process
GO:0042559	-0.201120655272182	pteridine-containing compound biosynthetic process
GO:0046653	-0.201120655272182	tetrahydrofolate metabolic process
GO:0046654	-0.201120655272182	tetrahydrofolate biosynthetic process
GO:0004146	-0.201120655272182	dihydrofolate reductase activity
GO:0051287	-0.202228415979892	NAD binding
GO:0010181	-0.202297534263579	FMN binding
GO:0019400	-0.202929281683754	alditol metabolic process
GO:0019751	-0.202929281683754	polyol metabolic process
GO:0031388	-0.204325462353801	organic acid phosphorylation
GO:0008887	-0.204325462353801	glycerate kinase activity
GO:0030976	-0.205254827539017	thiamine pyrophosphate binding
GO:0050997	-0.205254827539017	quaternary ammonium group binding
GO:0015858	-0.205604353305182	nucleoside transport
GO:0015931	-0.205604353305182	nucleobase-containing compound transport
GO:0034258	-0.205604353305182	nicotinamide riboside transport
GO:1901264	-0.205604353305182	carbohydrate derivative transport
GO:0005337	-0.205604353305182	nucleoside transmembrane transporter activity
GO:0015932	-0.205604353305182	nucleobase-containing compound transmembrane transporter activity
GO:0034257	-0.205604353305182	nicotinamide riboside transmembrane transporter activity
GO:1901505	-0.205604353305182	carbohydrate derivative transmembrane transporter activity
GO:0016811	-0.205652399826562	hydrolase activity, acting on carbon-nitrogen (but not peptide) bonds, in linear amides
GO:0042398	-0.208614945247065	cellular modified amino acid biosynthetic process
GO:0005342	-0.210231836604988	organic acid transmembrane transporter activity
GO:0046943	-0.210231836604988	carboxylic acid transmembrane transporter activity
GO:0016627	-0.212837081387889	oxidoreductase activity, acting on the CH-CH group of donors
GO:0030153	-0.213547296163455	bacteriocin immunity
GO:0015643	-0.213547296163455	toxic substance binding
GO:0008373	-0.215436991023452	sialyltransferase activity
GO:0046912	-0.215710404372722	acyltransferase activity, acyl groups converted into alkyl on transfer
GO:0051259	-0.215757998072071	protein complex oligomerization
GO:0006097	-0.216693144766352	glyoxylate cycle
GO:0046487	-0.216693144766352	glyoxylate metabolic process
GO:0004474	-0.216693144766352	malate synthase activity
GO:0071944	-0.21829691759772	cell periphery
GO:0016667	-0.219383604326897	oxidoreductase activity, acting on a sulfur group of donors
GO:0006760	-0.222368536114299	folic acid-containing compound metabolic process
GO:0043177	-0.222841812027729	organic acid binding
GO:0034660	-0.223341885005856	ncRNA metabolic process
GO:0046434	-0.223689491651225	organophosphate catabolic process
GO:0055085	-0.225191862499754	transmembrane transport
GO:0006520	-0.225309715612029	cellular amino acid metabolic process
GO:0016310	-0.226196723901377	phosphorylation
GO:0006071	-0.22701925317418	glycerol metabolic process
GO:0006633	-0.227518860262808	fatty acid biosynthetic process
GO:0003684	-0.229156698786462	damaged DNA binding
GO:0022804	-0.230818070457362	active transmembrane transporter activity
GO:0009166	-0.231848697963099	nucleotide catabolic process
GO:1901292	-0.231848697963099	nucleoside phosphate catabolic process
GO:1901681	-0.235326639967857	sulfur compound binding
GO:0016645	-0.235699273268524	oxidoreductase activity, acting on the CH-NH group of donors
GO:0016646	-0.235699273268524	oxidoreductase activity, acting on the CH-NH group of donors, NAD or NADP as acceptor
GO:0008643	-0.235709639669091	carbohydrate transport
GO:0006399	-0.23822283667738	tRNA metabolic process
GO:0008047	-0.238685791757425	enzyme activator activity
GO:0050660	-0.240214372140812	flavin adenine dinucleotide binding
GO:0072330	-0.241142528629857	monocarboxylic acid biosynthetic process
GO:0004312	-0.241431256591423	fatty acid synthase activity
GO:0004315	-0.241431256591423	3-oxoacyl-[acyl-carrier-protein] synthase activity
GO:0006820	-0.242151312297313	anion transport
GO:0016772	-0.243159064756271	transferase activity, transferring phosphorus-containing groups
GO:0008028	-0.2434194563192	monocarboxylic acid transmembrane transporter activity
GO:0034470	-0.244098667948858	ncRNA processing
GO:0004525	-0.245262898585088	ribonuclease III activity
GO:0032296	-0.245262898585088	double-stranded RNA-specific ribonuclease activity
GO:0070085	-0.246935719534437	glycosylation
GO:0009064	-0.24706241041496	glutamine family amino acid metabolic process
GO:0006284	-0.247137795408782	base-excision repair
GO:0015840	-0.247815507635726	urea transport
GO:0019755	-0.247815507635726	one-carbon compound transport
GO:0071918	-0.247815507635726	urea transmembrane transport
GO:0015204	-0.247815507635726	urea transmembrane transporter activity
GO:0043752	-0.248190170491291	adenosylcobinamide kinase activity
GO:0015145	-0.249943596867131	monosaccharide transmembrane transporter activity
GO:0051119	-0.249943596867131	sugar transmembrane transporter activity
GO:0044281	-0.250041879744519	small molecule metabolic process
GO:0016759	-0.25152350497732	cellulose synthase activity
GO:0016760	-0.25152350497732	cellulose synthase (UDP-forming) activity
GO:0035251	-0.25152350497732	UDP-glucosyltransferase activity
GO:0046527	-0.25152350497732	glucosyltransferase activity
GO:0031406	-0.251771868655053	carboxylic acid binding
GO:0016053	-0.25204818765076	organic acid biosynthetic process
GO:0006575	-0.254746392343785	cellular modified amino acid metabolic process
GO:0019439	-0.255270534534781	aromatic compound catabolic process
GO:0006486	-0.256638955973044	protein glycosylation
GO:0009100	-0.256638955973044	glycoprotein metabolic process
GO:0009101	-0.256638955973044	glycoprotein biosynthetic process
GO:0043413	-0.256638955973044	macromolecule glycosylation
GO:0008767	-0.260313426025297	UDP-galactopyranose mutase activity
GO:0034618	-0.262514945076762	arginine binding
GO:0015144	-0.265299967525527	carbohydrate transmembrane transporter activity
GO:0098656	-0.266206501671388	anion transmembrane transport
GO:0043190	-0.267358481808231	ATP-binding cassette (ABC) transporter complex
GO:0098533	-0.267358481808231	ATPase dependent transmembrane transport complex
GO:0009066	-0.267527881524238	aspartate family amino acid metabolic process
GO:0008033	-0.269449342245195	tRNA processing
GO:0072329	-0.270682557917915	monocarboxylic acid catabolic process
GO:0015035	-0.271834584758143	protein-disulfide reductase activity
GO:0015036	-0.271834584758143	disulfide oxidoreductase activity
GO:0098796	-0.272450206397343	membrane protein complex
GO:0098797	-0.272450206397343	plasma membrane protein complex
GO:1902495	-0.272450206397343	transmembrane transporter complex
GO:1990351	-0.272450206397343	transporter complex
GO:0006525	-0.272774374807823	arginine metabolic process
GO:0046034	-0.273503963258215	ATP metabolic process
GO:0032787	-0.274683492327342	monocarboxylic acid metabolic process
GO:0006566	-0.276976023867547	threonine metabolic process
GO:0009088	-0.276976023867547	threonine biosynthetic process
GO:0006119	-0.278032290320288	oxidative phosphorylation
GO:0019646	-0.278032290320288	aerobic electron transport chain
GO:0070069	-0.278032290320288	cytochrome complex
GO:0055086	-0.278577031594479	nucleobase-containing small molecule metabolic process
GO:0008982	-0.285371797301339	protein-N(PI)-phosphohistidine-sugar phosphotransferase activity
GO:0015749	-0.286010999362076	monosaccharide transmembrane transport
GO:0046394	-0.289616816625356	carboxylic acid biosynthetic process
GO:0008378	-0.293312264740531	galactosyltransferase activity
GO:0008918	-0.293312264740531	lipopolysaccharide 3-alpha-galactosyltransferase activity
GO:0035250	-0.293312264740531	UDP-galactosyltransferase activity
GO:0008134	-0.293975012827255	transcription factor binding
GO:0016616	-0.297745059325464	oxidoreductase activity, acting on the CH-OH group of donors, NAD or NADP as acceptor
GO:0009067	-0.29803360525185	aspartate family amino acid biosynthetic process
GO:1901605	-0.299533185750343	alpha-amino acid metabolic process
GO:0016614	-0.303228428387391	oxidoreductase activity, acting on CH-OH group of donors
GO:0006073	-0.303849572336326	cellular glucan metabolic process
GO:0009250	-0.303849572336326	glucan biosynthetic process
GO:0030243	-0.303849572336326	cellulose metabolic process
GO:0030244	-0.303849572336326	cellulose biosynthetic process
GO:0044042	-0.303849572336326	glucan metabolic process
GO:0051273	-0.303849572336326	beta-glucan metabolic process
GO:0051274	-0.303849572336326	beta-glucan biosynthetic process
GO:0016407	-0.304751155328409	acetyltransferase activity
GO:0008849	-0.307346473182849	enterochelin esterase activity
GO:0001101	-0.309027027095801	response to acid chemical
GO:0071229	-0.309027027095801	cellular response to acid chemical
GO:0034655	-0.312189689992914	nucleobase-containing compound catabolic process
GO:0016624	-0.313268307248055	oxidoreductase activity, acting on the aldehyde or oxo group of donors, disulfide as acceptor
GO:0006814	-0.314277982841186	sodium ion transport
GO:0060089	-0.314935155393834	molecular transducer activity
GO:0015774	-0.318286544915003	polysaccharide transport
GO:0033037	-0.318286544915003	polysaccharide localization
GO:0006082	-0.318898571069094	organic acid metabolic process
GO:0015628	-0.31946579244475	protein secretion by the type II secretion system
GO:0098776	-0.31946579244475	protein transport across the cell outer membrane
GO:0015627	-0.31946579244475	type II protein secretion system complex
GO:0046700	-0.32122527691235	heterocycle catabolic process
GO:0015711	-0.322801960371176	organic anion transport
GO:0046942	-0.322801960371176	carboxylic acid transport
GO:0008514	-0.322801960371176	organic anion transmembrane transporter activity
GO:0006401	-0.324809273948054	RNA catabolic process
GO:0071806	-0.329150788313841	protein transmembrane transport
GO:0009112	-0.329589344688946	nucleobase metabolic process
GO:0046112	-0.329589344688946	nucleobase biosynthetic process
GO:0072527	-0.330725579375585	pyrimidine-containing compound metabolic process
GO:0019752	-0.331601577636224	carboxylic acid metabolic process
GO:0035429	-0.331863856142978	gluconate transmembrane transport
GO:0042873	-0.331863856142978	aldonate transmembrane transport
GO:0015128	-0.331863856142978	gluconate transmembrane transporter activity
GO:0042879	-0.331863856142978	aldonate transmembrane transporter activity
GO:0000394	-0.333466270828578	RNA splicing, via endonucleolytic cleavage and ligation
GO:0006388	-0.333466270828578	tRNA splicing, via endonucleolytic cleavage and ligation
GO:0008380	-0.333466270828578	RNA splicing
GO:0072528	-0.33504521499805	pyrimidine-containing compound biosynthetic process
GO:0015727	-0.338890430234656	lactate transport
GO:0015129	-0.338890430234656	lactate transmembrane transporter activity
GO:0043436	-0.339000108103559	oxoacid metabolic process
GO:0004371	-0.339592182861453	glycerone kinase activity
GO:0019520	-0.345107457284383	aldonic acid metabolic process
GO:0019583	-0.345107457284383	galactonate metabolic process
GO:0019584	-0.345107457284383	galactonate catabolic process
GO:0034192	-0.345107457284383	D-galactonate metabolic process
GO:0034194	-0.345107457284383	D-galactonate catabolic process
GO:0044275	-0.345107457284383	cellular carbohydrate catabolic process
GO:0046176	-0.345107457284383	aldonic acid catabolic process
GO:0008671	-0.345107457284383	2-dehydro-3-deoxygalactonokinase activity
GO:0019200	-0.345107457284383	carbohydrate kinase activity
GO:0016051	-0.347311048062987	carbohydrate biosynthetic process
GO:0009881	-0.352104023506847	photoreceptor activity
GO:0009882	-0.352104023506847	blue light photoreceptor activity
GO:0038023	-0.352104023506847	signaling receptor activity
GO:0008194	-0.352506252218707	UDP-glycosyltransferase activity
GO:0005886	-0.353785672015184	plasma membrane
GO:0005887	-0.35640573653769	integral component of plasma membrane
GO:0031226	-0.35640573653769	intrinsic component of plasma membrane
GO:0032991	-0.356997008679903	protein-containing complex
GO:0016052	-0.357870729911805	carbohydrate catabolic process
GO:0005976	-0.358198283289123	polysaccharide metabolic process
GO:0016857	-0.35924873187237	racemase and epimerase activity, acting on carbohydrates and derivatives
GO:0015850	-0.363923764695754	organic hydroxy compound transport
GO:1901618	-0.363923764695754	organic hydroxy compound transmembrane transporter activity
GO:0016758	-0.364200954521374	hexosyltransferase activity
GO:0016854	-0.367864898061166	racemase and epimerase activity
GO:0015718	-0.379567757882427	monocarboxylic acid transport
GO:0016773	-0.387454294578513	phosphotransferase activity, alcohol group as acceptor
GO:0006289	-0.38760581510035	nucleotide-excision repair
GO:0003906	-0.38760581510035	DNA-(apurinic or apyrimidinic site) endonuclease activity
GO:0042710	-0.393901411477497	biofilm formation
GO:0098630	-0.393901411477497	aggregation of unicellular organisms
GO:0098743	-0.393901411477497	cell aggregation
GO:0015149	-0.396322171576757	hexose transmembrane transporter activity
GO:0015153	-0.396322171576757	rhamnose transmembrane transporter activity
GO:0000271	-0.399497782677987	polysaccharide biosynthetic process
GO:0004616	-0.404660640173912	phosphogluconate dehydrogenase (decarboxylating) activity
GO:1901361	-0.408024175478971	organic cyclic compound catabolic process
GO:0008645	-0.41251483718547	hexose transmembrane transport
GO:0006206	-0.419455114304367	pyrimidine nucleobase metabolic process
GO:0006207	-0.419455114304367	'de novo' pyrimidine nucleobase biosynthetic process
GO:0019856	-0.419455114304367	pyrimidine nucleobase biosynthetic process
GO:0004590	-0.419455114304367	orotidine-5'-phosphate decarboxylase activity
GO:0044262	-0.420609106259284	cellular carbohydrate metabolic process
GO:0005975	-0.496391256294641	carbohydrate metabolic process
GO:0008410	-0.496665277955408	CoA-transferase activity
GO:0016782	-0.496665277955408	transferase activity, transferring sulphur-containing groups
GO:0009311	-0.502346444959833	oligosaccharide metabolic process
GO:0016747	-0.535699473724503	acyltransferase activity, transferring groups other than amino-acyl groups
GO:0016746	-0.540769497874061	acyltransferase activity
GO:0005984	-0.581361889304845	disaccharide metabolic process
GO:0005991	-0.581361889304845	trehalose metabolic process
GO:0004555	-0.581361889304845	alpha,alpha-trehalase activity
GO:0015927	-0.581361889304845	trehalase activity
