ann_term	q_val	annotation
GO:0003908	1	methylated-DNA-[protein]-cysteine S-methyltransferase activity
GO:0008172	1	S-methyltransferase activity
GO:0015267	1	channel activity
GO:0022803	1	passive transmembrane transporter activity
GO:0008173	0.999415261843476	RNA methyltransferase activity
GO:0005996	0.991207379189524	monosaccharide metabolic process
GO:0008452	0.988662921655691	RNA ligase activity
GO:0003916	0.98753082333449	DNA topoisomerase activity
GO:0015740	0.986939039676646	C4-dicarboxylate transport
GO:0015556	0.986939039676646	C4-dicarboxylate transmembrane transporter activity
GO:0044255	0.986553076821155	cellular lipid metabolic process
GO:0006415	0.983082271448204	translational termination
GO:0015675	0.983082271448204	nickel cation transport
GO:0035444	0.983082271448204	nickel cation transmembrane transport
GO:0015099	0.983082271448204	nickel cation transmembrane transporter activity
GO:0016638	0.981014351327828	oxidoreductase activity, acting on the CH-NH2 group of donors
GO:0006265	0.976975101768556	DNA topological change
GO:0071103	0.976975101768556	DNA conformation change
GO:0009404	0.975186238066695	toxin metabolic process
GO:0006796	0.9712415292277	phosphate-containing compound metabolic process
GO:0070008	0.970132458013888	serine-type exopeptidase activity
GO:0051179	0.963499042936697	localization
GO:0015562	0.963499042936697	efflux transmembrane transporter activity
GO:0030313	0.961311945808339	cell envelope
GO:0031975	0.961311945808339	envelope
GO:0019634	0.959079156624208	organic phosphonate metabolic process
GO:0043648	0.952651096754166	dicarboxylic acid metabolic process
GO:0006821	0.950967602422079	chloride transport
GO:0005244	0.950967602422079	voltage-gated ion channel activity
GO:0005247	0.950967602422079	voltage-gated chloride channel activity
GO:0005254	0.950967602422079	chloride channel activity
GO:0008308	0.950967602422079	voltage-gated anion channel activity
GO:0015108	0.950967602422079	chloride transmembrane transporter activity
GO:0022832	0.950967602422079	voltage-gated channel activity
GO:0022836	0.950967602422079	gated channel activity
GO:0019700	0.948712687016333	organic phosphonate catabolic process
GO:0006004	0.936612509919642	fucose metabolic process
GO:0008736	0.936612509919642	L-fucose isomerase activity
GO:0006857	0.932642401350296	oligopeptide transport
GO:0015814	0.932642401350296	p-aminobenzoyl-glutamate transport
GO:0035442	0.932642401350296	dipeptide transmembrane transport
GO:0035672	0.932642401350296	oligopeptide transmembrane transport
GO:0042938	0.932642401350296	dipeptide transport
GO:0072337	0.932642401350296	modified amino acid transport
GO:1902604	0.932642401350296	p-aminobenzoyl-glutamate transmembrane transport
GO:0005310	0.932642401350296	dicarboxylic acid transmembrane transporter activity
GO:0015558	0.932642401350296	secondary active p-aminobenzoyl-glutamate transmembrane transporter activity
GO:0035673	0.932642401350296	oligopeptide transmembrane transporter activity
GO:0071916	0.932642401350296	dipeptide transmembrane transporter activity
GO:0072349	0.932642401350296	modified amino acid transmembrane transporter activity
GO:0006835	0.932642401350296	dicarboxylic acid transport
GO:0019748	0.932642401350296	secondary metabolic process
GO:0006810	0.931655865424633	transport
GO:0051234	0.931655865424633	establishment of localization
GO:0006790	0.929663374958603	sulfur compound metabolic process
GO:0015079	0.926270814529042	potassium ion transmembrane transporter activity
GO:0019318	0.921192979113625	hexose metabolic process
GO:0008658	0.918372529506873	penicillin binding
GO:0033218	0.918372529506873	amide binding
GO:0033293	0.918372529506873	monocarboxylic acid binding
GO:0008408	0.917329225699181	3'-5' exonuclease activity
GO:0008131	0.909566076256384	primary amine oxidase activity
GO:0016641	0.909566076256384	oxidoreductase activity, acting on the CH-NH2 group of donors, oxygen as acceptor
GO:0004019	0.893213901179635	adenylosuccinate synthase activity
GO:0016855	0.88892753930721	racemase and epimerase activity, acting on amino acids and derivatives
GO:0036361	0.88892753930721	racemase activity, acting on amino acids and derivatives
GO:0009607	0.888045777280194	response to biotic stimulus
GO:0017013	0.885663088496122	protein flavinylation
GO:0008375	0.885663088496122	acetylglucosaminyltransferase activity
GO:0043138	0.885663088496122	3'-5' DNA helicase activity
GO:0030312	0.885663088496122	external encapsulating structure
GO:0015969	0.884989765919312	guanosine tetraphosphate metabolic process
GO:0034035	0.884989765919312	purine ribonucleoside bisphosphate metabolic process
GO:0005525	0.884637758381116	GTP binding
GO:0015800	0.884637758381116	acidic amino acid transport
GO:0015807	0.884637758381116	L-amino acid transport
GO:0015813	0.884637758381116	L-glutamate transmembrane transport
GO:1902475	0.884637758381116	L-alpha-amino acid transmembrane transport
GO:0015501	0.884637758381116	glutamate:sodium symporter activity
GO:0140657	0.87974671417656	ATP-dependent activity
GO:0004672	0.879736199806675	protein kinase activity
GO:0015288	0.879736199806675	porin activity
GO:0022829	0.879736199806675	wide pore channel activity
GO:0016661	0.878374888386097	oxidoreductase activity, acting on other nitrogenous compounds as donors
GO:0016662	0.878374888386097	oxidoreductase activity, acting on other nitrogenous compounds as donors, cytochrome as acceptor
GO:0042279	0.878374888386097	nitrite reductase (cytochrome, ammonia-forming) activity
GO:0098809	0.878374888386097	nitrite reductase activity
GO:0009288	0.873601407262982	bacterial-type flagellum
GO:0005315	0.870887796283914	inorganic phosphate transmembrane transporter activity
GO:0008135	0.870887796283914	translation factor activity, RNA binding
GO:0045182	0.870887796283914	translation regulator activity
GO:0090079	0.870887796283914	translation regulator activity, nucleic acid binding
GO:0016830	0.870887796283914	carbon-carbon lyase activity
GO:0006629	0.870887796283914	lipid metabolic process
GO:0006928	0.870887796283914	movement of cell or subcellular component
GO:0006164	0.868475758650505	purine nucleotide biosynthetic process
GO:0072522	0.868475758650505	purine-containing compound biosynthetic process
GO:0016818	0.868475758650505	hydrolase activity, acting on acid anhydrides, in phosphorus-containing anhydrides
GO:0009073	0.868475758650505	aromatic amino acid family biosynthetic process
GO:0004107	0.868475758650505	chorismate synthase activity
GO:0016838	0.868475758650505	carbon-oxygen lyase activity, acting on phosphates
GO:0016817	0.868475758650505	hydrolase activity, acting on acid anhydrides
GO:0004425	0.868475758650505	indole-3-glycerol-phosphate synthase activity
GO:0008771	0.867775338412176	[citrate (pro-3S)-lyase] ligase activity
GO:0016878	0.867775338412176	acid-thiol ligase activity
GO:0009428	0.860003213236037	bacterial-type flagellum basal body, distal rod, P ring
GO:0009426	0.859681423662691	bacterial-type flagellum basal body, distal rod
GO:0030694	0.859681423662691	bacterial-type flagellum basal body, rod
GO:0004176	0.859681423662691	ATP-dependent peptidase activity
GO:0015075	0.8537457418491	ion transmembrane transporter activity
GO:0004180	0.849604173335304	carboxypeptidase activity
GO:0006793	0.849326416244797	phosphorus metabolic process
GO:0016780	0.84905098718563	phosphotransferase activity, for other substituted phosphate groups
GO:0030001	0.848766647003996	metal ion transport
GO:1901137	0.848766647003996	carbohydrate derivative biosynthetic process
GO:1904680	0.847733262201803	peptide transmembrane transporter activity
GO:0043021	0.847673869171649	ribonucleoprotein complex binding
GO:0043022	0.847673869171649	ribosome binding
GO:0051604	0.847673869171649	protein maturation
GO:0015926	0.847673869171649	glucosidase activity
GO:0004540	0.846598985447939	ribonuclease activity
GO:0016887	0.832677777292142	ATP hydrolysis activity
GO:0048029	0.829071770946885	monosaccharide binding
GO:0010035	0.829071770946885	response to inorganic substance
GO:0010038	0.829071770946885	response to metal ion
GO:0030255	0.829071770946885	protein secretion by the type IV secretion system
GO:0044097	0.829071770946885	secretion by the type IV secretion system
GO:0006805	0.823516731540598	xenobiotic metabolic process
GO:0009410	0.823516731540598	response to xenobiotic stimulus
GO:0010124	0.823516731540598	phenylacetate catabolic process
GO:0042178	0.823516731540598	xenobiotic catabolic process
GO:0042537	0.823516731540598	benzene-containing compound metabolic process
GO:0071466	0.823516731540598	cellular response to xenobiotic stimulus
GO:0071702	0.823516731540598	organic substance transport
GO:0004514	0.823516731540598	nicotinate-nucleotide diphosphorylase (carboxylating) activity
GO:0009425	0.823516731540598	bacterial-type flagellum basal body
GO:0016999	0.823516731540598	antibiotic metabolic process
GO:0017000	0.823516731540598	antibiotic biosynthetic process
GO:0008649	0.821615771789658	rRNA methyltransferase activity
GO:0008855	0.821615771789658	exodeoxyribonuclease VII activity
GO:0004565	0.821615771789658	beta-galactosidase activity
GO:0009341	0.820561707662096	beta-galactosidase complex
GO:0051539	0.818322296675754	4 iron, 4 sulfur cluster binding
GO:0001539	0.812831494851649	cilium or flagellum-dependent cell motility
GO:0048870	0.812831494851649	cell motility
GO:0051674	0.812831494851649	localization of cell
GO:0071973	0.812831494851649	bacterial-type flagellum-dependent cell motility
GO:0097588	0.812831494851649	archaeal or bacterial-type flagellum-dependent cell motility
GO:0016311	0.812831494851649	dephosphorylation
GO:0015703	0.812831494851649	chromate transport
GO:0015109	0.812831494851649	chromate transmembrane transporter activity
GO:0044283	0.808677229247385	small molecule biosynthetic process
GO:0016886	0.807821546374854	ligase activity, forming phosphoric ester bonds
GO:0022613	0.80640842859515	ribonucleoprotein complex biogenesis
GO:0042254	0.80640842859515	ribosome biogenesis
GO:0008653	0.801423970025616	lipopolysaccharide metabolic process
GO:0009103	0.801423970025616	lipopolysaccharide biosynthetic process
GO:0006720	0.799408940289608	isoprenoid metabolic process
GO:0008299	0.799408940289608	isoprenoid biosynthetic process
GO:0003941	0.799408940289608	L-serine ammonia-lyase activity
GO:0019843	0.799408940289608	rRNA binding
GO:0009891	0.799408940289608	positive regulation of biosynthetic process
GO:0009893	0.799408940289608	positive regulation of metabolic process
GO:0010557	0.799408940289608	positive regulation of macromolecule biosynthetic process
GO:0010604	0.799408940289608	positive regulation of macromolecule metabolic process
GO:0031325	0.799408940289608	positive regulation of cellular metabolic process
GO:0031328	0.799408940289608	positive regulation of cellular biosynthetic process
GO:0045893	0.799408940289608	positive regulation of transcription, DNA-templated
GO:0045935	0.799408940289608	positive regulation of nucleobase-containing compound metabolic process
GO:0051173	0.799408940289608	positive regulation of nitrogen compound metabolic process
GO:0051254	0.799408940289608	positive regulation of RNA metabolic process
GO:1902680	0.799408940289608	positive regulation of RNA biosynthetic process
GO:1903508	0.799408940289608	positive regulation of nucleic acid-templated transcription
GO:0006096	0.799408940289608	glycolytic process
GO:0006165	0.799408940289608	nucleoside diphosphate phosphorylation
GO:0006757	0.799408940289608	ATP generation from ADP
GO:0009132	0.799408940289608	nucleoside diphosphate metabolic process
GO:0009135	0.799408940289608	purine nucleoside diphosphate metabolic process
GO:0009179	0.799408940289608	purine ribonucleoside diphosphate metabolic process
GO:0009185	0.799408940289608	ribonucleoside diphosphate metabolic process
GO:0046031	0.799408940289608	ADP metabolic process
GO:0046939	0.799408940289608	nucleotide phosphorylation
GO:0003725	0.799408940289608	double-stranded RNA binding
GO:0004347	0.799408940289608	glucose-6-phosphate isomerase activity
GO:0008703	0.799408940289608	5-amino-6-(5-phosphoribosylamino)uracil reductase activity
GO:0043213	0.799408940289608	bacteriocin transport
GO:0000049	0.798021622422608	tRNA binding
GO:0017111	0.796289970109432	nucleoside-triphosphatase activity
GO:0008830	0.79325607777475	dTDP-4-dehydrorhamnose 3,5-epimerase activity
GO:0009279	0.79325607777475	cell outer membrane
GO:0050829	0.79325607777475	defense response to Gram-negative bacterium
GO:0008882	0.79325607777475	[glutamate-ammonia-ligase] adenylyltransferase activity
GO:0042802	0.790427923784857	identical protein binding
GO:0042803	0.790427923784857	protein homodimerization activity
GO:0070840	0.790427923784857	dynein complex binding
GO:0009165	0.787293295893466	nucleotide biosynthetic process
GO:1901293	0.787293295893466	nucleoside phosphate biosynthetic process
GO:0070566	0.787293295893466	adenylyltransferase activity
GO:0006213	0.784948121632981	pyrimidine nucleoside metabolic process
GO:0016226	0.784948121632981	iron-sulfur cluster assembly
GO:0031163	0.784948121632981	metallo-sulfur cluster assembly
GO:0005283	0.784948121632981	amino acid:sodium symporter activity
GO:0005343	0.784948121632981	organic acid:sodium symporter activity
GO:0005416	0.784948121632981	amino acid:cation symporter activity
GO:0015171	0.784948121632981	amino acid transmembrane transporter activity
GO:0016757	0.782242864412178	glycosyltransferase activity
GO:0000902	0.779156423002278	cell morphogenesis
GO:0009653	0.779156423002278	anatomical structure morphogenesis
GO:0006813	0.779156423002278	potassium ion transport
GO:0009617	0.777458968405981	response to bacterium
GO:0042742	0.777458968405981	defense response to bacterium
GO:0031344	0.776735809970261	regulation of cell projection organization
GO:0044087	0.776735809970261	regulation of cellular component biogenesis
GO:0060491	0.776735809970261	regulation of cell projection assembly
GO:1902115	0.776735809970261	regulation of organelle assembly
GO:1902208	0.776735809970261	regulation of bacterial-type flagellum assembly
GO:0050661	0.776735809970261	NADP binding
GO:0042221	0.776735809970261	response to chemical
GO:0003747	0.775505901806747	translation release factor activity
GO:0008079	0.775505901806747	translation termination factor activity
GO:0006817	0.775267404916295	phosphate ion transport
GO:0006750	0.773239369638306	glutathione biosynthetic process
GO:0004363	0.773239369638306	glutathione synthase activity
GO:0016462	0.766798637868415	pyrophosphatase activity
GO:0046411	0.76583415697039	2-keto-3-deoxygluconate transmembrane transport
GO:0015355	0.76583415697039	secondary active monocarboxylate transmembrane transporter activity
GO:0015649	0.76583415697039	2-keto-3-deoxygluconate:proton symporter activity
GO:0004523	0.765687185523277	RNA-DNA hybrid ribonuclease activity
GO:0004748	0.765687185523277	ribonucleoside-diphosphate reductase activity, thioredoxin disulfide as acceptor
GO:0016728	0.765687185523277	oxidoreductase activity, acting on CH or CH2 groups, disulfide as acceptor
GO:0061731	0.765687185523277	ribonucleoside-diphosphate reductase activity
GO:0043462	0.761928694260709	regulation of ATP-dependent activity
GO:0065009	0.761928694260709	regulation of molecular function
GO:0015159	0.761928694260709	polysaccharide transmembrane transporter activity
GO:0003911	0.760917089474606	DNA ligase (NAD+) activity
GO:0016763	0.758336877527573	pentosyltransferase activity
GO:0030288	0.753822962328014	outer membrane-bounded periplasmic space
GO:0036094	0.753822962328014	small molecule binding
GO:0008374	0.749945944001474	O-acyltransferase activity
GO:0008811	0.749945944001474	chloramphenicol O-acetyltransferase activity
GO:0016413	0.749945944001474	O-acetyltransferase activity
GO:0003774	0.749945944001474	cytoskeletal motor activity
GO:0044781	0.749945944001474	bacterial-type flagellum organization
GO:0044877	0.749047503714415	protein-containing complex binding
GO:0008556	0.746750710860833	P-type potassium transmembrane transporter activity
GO:0015662	0.746750710860833	P-type ion transporter activity
GO:0019829	0.746750710860833	ATPase-coupled cation transmembrane transporter activity
GO:0140358	0.746750710860833	P-type transmembrane transporter activity
GO:0006643	0.746232594535443	membrane lipid metabolic process
GO:0006664	0.746232594535443	glycolipid metabolic process
GO:0009245	0.746232594535443	lipid A biosynthetic process
GO:0009247	0.746232594535443	glycolipid biosynthetic process
GO:0009312	0.746232594535443	oligosaccharide biosynthetic process
GO:0046467	0.746232594535443	membrane lipid biosynthetic process
GO:0046493	0.746232594535443	lipid A metabolic process
GO:1901269	0.746232594535443	lipooligosaccharide metabolic process
GO:1901271	0.746232594535443	lipooligosaccharide biosynthetic process
GO:0009029	0.746232594535443	tetraacyldisaccharide 4'-kinase activity
GO:1903509	0.746232594535443	liposaccharide metabolic process
GO:0016874	0.746232594535443	ligase activity
GO:0044270	0.746232594535443	cellular nitrogen compound catabolic process
GO:0005507	0.746232594535443	copper ion binding
GO:0043230	0.746232594535443	extracellular organelle
GO:0008818	0.746232594535443	cobalamin 5'-phosphate synthase activity
GO:0051073	0.746232594535443	adenosylcobinamide-GDP ribazoletransferase activity
GO:0051920	0.746232594535443	peroxiredoxin activity
GO:0008236	0.746232594535443	serine-type peptidase activity
GO:0017171	0.746232594535443	serine hydrolase activity
GO:0009427	0.744658828630609	bacterial-type flagellum basal body, distal rod, L ring
GO:0055070	0.739116316325865	copper ion homeostasis
GO:0008198	0.739116316325865	ferrous iron binding
GO:0016987	0.739116316325865	sigma factor activity
GO:0004470	0.733805161714407	malic enzyme activity
GO:0004471	0.733805161714407	malate dehydrogenase (decarboxylating) (NAD+) activity
GO:0016615	0.733805161714407	malate dehydrogenase activity
GO:0009294	0.724963911147845	DNA-mediated transformation
GO:0043168	0.724223933647301	anion binding
GO:0004497	0.722066664755476	monooxygenase activity
GO:0004499	0.722066664755476	N,N-dimethylaniline monooxygenase activity
GO:0016709	0.722066664755476	oxidoreductase activity, acting on paired donors, with incorporation or reduction of molecular oxygen, NAD(P)H as one donor, and incorporation of one atom of oxygen
GO:0009081	0.720355098371991	branched-chain amino acid metabolic process
GO:0009082	0.720355098371991	branched-chain amino acid biosynthetic process
GO:0003684	0.720355098371991	damaged DNA binding
GO:0009308	0.720355098371991	amine metabolic process
GO:0005381	0.716513018181421	iron ion transmembrane transporter activity
GO:0016903	0.706504293302029	oxidoreductase activity, acting on the aldehyde or oxo group of donors
GO:0009424	0.701888825801143	bacterial-type flagellum hook
GO:0009307	0.701457188916217	DNA restriction-modification system
GO:0044355	0.701457188916217	clearance of foreign intracellular DNA
GO:0099046	0.701457188916217	clearance of foreign intracellular nucleic acids
GO:0006418	0.696368777425702	tRNA aminoacylation for protein translation
GO:0009435	0.695830148213258	NAD biosynthetic process
GO:0019359	0.695830148213258	nicotinamide nucleotide biosynthetic process
GO:0019362	0.695830148213258	pyridine nucleotide metabolic process
GO:0019363	0.695830148213258	pyridine nucleotide biosynthetic process
GO:0046496	0.695830148213258	nicotinamide nucleotide metabolic process
GO:0072524	0.695830148213258	pyridine-containing compound metabolic process
GO:0072525	0.695830148213258	pyridine-containing compound biosynthetic process
GO:0030638	0.695830148213258	polyketide metabolic process
GO:0008984	0.695830148213258	protein-glutamate methylesterase activity
GO:0051723	0.695830148213258	protein methylesterase activity
GO:0004557	0.695830148213258	alpha-galactosidase activity
GO:0006855	0.68671162231894	xenobiotic transmembrane transport
GO:0042908	0.68671162231894	xenobiotic transport
GO:0016866	0.68293749252132	intramolecular transferase activity
GO:0000041	0.681245775679908	transition metal ion transport
GO:0003910	0.676115677994498	DNA ligase (ATP) activity
GO:0097367	0.675520359408021	carbohydrate derivative binding
GO:0006826	0.67485545228915	iron ion transport
GO:0006050	0.673350383707364	mannosamine metabolic process
GO:0006051	0.673350383707364	N-acetylmannosamine metabolic process
GO:0047465	0.673350383707364	N-acylglucosamine-6-phosphate 2-epimerase activity
GO:0015925	0.673350383707364	galactosidase activity
GO:0006059	0.671093306492901	hexitol metabolic process
GO:0019402	0.671093306492901	galactitol metabolic process
GO:0009254	0.671093306492901	peptidoglycan turnover
GO:0015804	0.671093306492901	neutral amino acid transport
GO:0032328	0.671093306492901	alanine transport
GO:0008113	0.671093306492901	peptide-methionine (S)-S-oxide reductase activity
GO:0015175	0.671093306492901	neutral amino acid transmembrane transporter activity
GO:0015655	0.671093306492901	alanine:sodium symporter activity
GO:0016671	0.671093306492901	oxidoreductase activity, acting on a sulfur group of donors, disulfide as acceptor
GO:0022858	0.671093306492901	alanine transmembrane transporter activity
GO:0033743	0.671093306492901	peptide-methionine (R)-S-oxide reductase activity
GO:0043038	0.671093306492901	amino acid activation
GO:0043039	0.671093306492901	tRNA aminoacylation
GO:0004812	0.671093306492901	aminoacyl-tRNA ligase activity
GO:0016875	0.671093306492901	ligase activity, forming carbon-oxygen bonds
GO:0044272	0.671093306492901	sulfur compound biosynthetic process
GO:0009636	0.671093306492901	response to toxic substance
GO:0005667	0.671093306492901	transcription regulator complex
GO:0017053	0.671093306492901	transcription repressor complex
GO:0110001	0.671093306492901	toxin-antitoxin complex
GO:0048856	0.671093306492901	anatomical structure development
GO:0006536	0.666181674088837	glutamate metabolic process
GO:0006537	0.666181674088837	glutamate biosynthetic process
GO:0009084	0.666181674088837	glutamine family amino acid biosynthetic process
GO:0043650	0.666181674088837	dicarboxylic acid biosynthetic process
GO:0070206	0.666181674088837	protein trimerization
GO:0015930	0.666181674088837	glutamate synthase activity
GO:0006352	0.666181674088837	DNA-templated transcription, initiation
GO:0016774	0.665562256689401	phosphotransferase activity, carboxyl group as acceptor
GO:0004721	0.661211021754843	phosphoprotein phosphatase activity
GO:0008138	0.661211021754843	protein tyrosine/serine/threonine phosphatase activity
GO:0016620	0.656206463620491	oxidoreductase activity, acting on the aldehyde or oxo group of donors, NAD or NADP as acceptor
GO:0003918	0.653955923393851	DNA topoisomerase type II (double strand cut, ATP-hydrolyzing) activity
GO:0007275	0.653041501357162	multicellular organism development
GO:0015939	0.653041501357162	pantothenate metabolic process
GO:0015940	0.653041501357162	pantothenate biosynthetic process
GO:0032501	0.653041501357162	multicellular organismal process
GO:0003864	0.653041501357162	3-methyl-2-oxobutanoate hydroxymethyltransferase activity
GO:0098542	0.652500942211286	defense response to other organism
GO:1902494	0.651441865843646	catalytic complex
GO:0140101	0.650911927670704	catalytic activity, acting on a tRNA
GO:0019637	0.647807855570102	organophosphate metabolic process
GO:0048038	0.643297751284844	quinone binding
GO:0004252	0.641300055997807	serine-type endopeptidase activity
GO:0006812	0.636726917945534	cation transport
GO:0046685	0.634164522126869	response to arsenic-containing substance
GO:0044780	0.634164522126869	bacterial-type flagellum assembly
GO:0070925	0.634164522126869	organelle assembly
GO:0140694	0.634164522126869	non-membrane-bounded organelle assembly
GO:0019001	0.630705225474472	guanyl nucleotide binding
GO:0032561	0.630705225474472	guanyl ribonucleotide binding
GO:0008417	0.630705225474472	fucosyltransferase activity
GO:0043207	0.628411807140894	response to external biotic stimulus
GO:0051707	0.628411807140894	response to other organism
GO:0008272	0.628411807140894	sulfate transport
GO:0072348	0.628411807140894	sulfur compound transport
GO:0008252	0.628411807140894	nucleotidase activity
GO:0008253	0.628411807140894	5'-nucleotidase activity
GO:0015116	0.628411807140894	sulfate transmembrane transporter activity
GO:1901682	0.628411807140894	sulfur compound transmembrane transporter activity
GO:0006099	0.628411807140894	tricarboxylic acid cycle
GO:0008704	0.613810947479642	5-carboxymethyl-2-hydroxymuconate delta-isomerase activity
GO:0016863	0.613810947479642	intramolecular oxidoreductase activity, transposing C=C bonds
GO:0003909	0.613810947479642	DNA ligase activity
GO:0005615	0.607313634272206	extracellular space
GO:0090729	0.607313634272206	toxin activity
GO:0042597	0.607313634272206	periplasmic space
GO:0016832	0.603299458366431	aldehyde-lyase activity
GO:0006635	0.601702453690574	fatty acid beta-oxidation
GO:0009062	0.601702453690574	fatty acid catabolic process
GO:0016042	0.601702453690574	lipid catabolic process
GO:0019395	0.601702453690574	fatty acid oxidation
GO:0030258	0.601702453690574	lipid modification
GO:0033539	0.601702453690574	fatty acid beta-oxidation using acyl-CoA dehydrogenase
GO:0034440	0.601702453690574	lipid oxidation
GO:0044242	0.601702453690574	cellular lipid catabolic process
GO:0003995	0.601702453690574	acyl-CoA dehydrogenase activity
GO:0006865	0.601702453690574	amino acid transport
GO:0006878	0.601702453690574	cellular copper ion homeostasis
GO:0046688	0.601702453690574	response to copper ion
GO:1901566	0.596096088335444	organonitrogen compound biosynthetic process
GO:0009246	0.592709704752986	enterobacterial common antigen biosynthetic process
GO:0046378	0.592709704752986	enterobacterial common antigen metabolic process
GO:0003700	0.590772086028923	DNA-binding transcription factor activity
GO:0140110	0.590772086028923	transcription regulator activity
GO:0000096	0.581511047335428	sulfur amino acid metabolic process
GO:0006555	0.581511047335428	methionine metabolic process
GO:0006419	0.581511047335428	alanyl-tRNA aminoacylation
GO:0004813	0.581511047335428	alanine-tRNA ligase activity
GO:0003690	0.581511047335428	double-stranded DNA binding
GO:0016740	0.581511047335428	transferase activity
GO:0015934	0.579310759809552	large ribosomal subunit
GO:0044391	0.579310759809552	ribosomal subunit
GO:1990904	0.579310759809552	ribonucleoprotein complex
GO:0004040	0.579310759809552	amidase activity
GO:0070403	0.579310759809552	NAD+ binding
GO:0009271	0.579310759809552	phage shock
GO:0098586	0.579310759809552	cellular response to virus
GO:0034220	0.579310759809552	ion transmembrane transport
GO:0022884	0.579310759809552	macromolecule transmembrane transporter activity
GO:0002161	0.579310759809552	aminoacyl-tRNA editing activity
GO:0016868	0.579049313477084	intramolecular transferase activity, phosphotransferases
GO:0046915	0.575924210791974	transition metal ion transmembrane transporter activity
GO:0006952	0.569943434733317	defense response
GO:0016891	0.569909882577463	endoribonuclease activity, producing 5'-phosphomonoesters
GO:0016742	0.569873966118598	hydroxymethyl-, formyl- and related transferase activity
GO:0070567	0.569784641992668	cytidylyltransferase activity
GO:0004764	0.569784641992668	shikimate 3-dehydrogenase (NADP+) activity
GO:0006556	0.567880714074652	S-adenosylmethionine biosynthetic process
GO:0046500	0.567880714074652	S-adenosylmethionine metabolic process
GO:0004478	0.567880714074652	methionine adenosyltransferase activity
GO:0015849	0.562778742750502	organic acid transport
GO:0098655	0.55610121298937	cation transmembrane transport
GO:0098660	0.55610121298937	inorganic ion transmembrane transport
GO:0098662	0.55610121298937	inorganic cation transmembrane transport
GO:0070887	0.550009028227275	cellular response to chemical stimulus
GO:0000166	0.54548066054206	nucleotide binding
GO:1901265	0.54548066054206	nucleoside phosphate binding
GO:0006013	0.54548066054206	mannose metabolic process
GO:0004559	0.54548066054206	alpha-mannosidase activity
GO:0015923	0.54548066054206	mannosidase activity
GO:0016877	0.542934449717956	ligase activity, forming carbon-sulfur bonds
GO:0015291	0.541443552116548	secondary active transmembrane transporter activity
GO:0044282	0.541443552116548	small molecule catabolic process
GO:0005515	0.536387113202971	protein binding
GO:0000156	0.533531029979315	phosphorelay response regulator activity
GO:0009055	0.530624714771043	electron transfer activity
GO:0006144	0.530378993165564	purine nucleobase metabolic process
GO:0006778	0.530378993165564	porphyrin-containing compound metabolic process
GO:0006779	0.530378993165564	porphyrin-containing compound biosynthetic process
GO:0009113	0.530378993165564	purine nucleobase biosynthetic process
GO:0003937	0.530378993165564	IMP cyclohydrolase activity
GO:0004637	0.530378993165564	phosphoribosylamine-glycine ligase activity
GO:0004643	0.530378993165564	phosphoribosylaminoimidazolecarboxamide formyltransferase activity
GO:0004853	0.530378993165564	uroporphyrinogen decarboxylase activity
GO:0008762	0.530378993165564	UDP-N-acetylmuramate dehydrogenase activity
GO:0016814	0.530378993165564	hydrolase activity, acting on carbon-nitrogen (but not peptide) bonds, in cyclic amidines
GO:0019238	0.530378993165564	cyclohydrolase activity
GO:0006274	0.530378993165564	DNA replication termination
GO:0016833	0.530378993165564	oxo-acid-lyase activity
GO:0034755	0.530378993165564	iron ion transmembrane transport
GO:0033573	0.530378993165564	high-affinity iron permease complex
GO:1905862	0.530378993165564	ferroxidase complex
GO:1990204	0.530378993165564	oxidoreductase complex
GO:0008509	0.527677731768601	anion transmembrane transporter activity
GO:0007010	0.524063754068228	cytoskeleton organization
GO:0010638	0.524063754068228	positive regulation of organelle organization
GO:0051130	0.524063754068228	positive regulation of cellular component organization
GO:0051493	0.524063754068228	regulation of cytoskeleton organization
GO:0051495	0.524063754068228	positive regulation of cytoskeleton organization
GO:0015081	0.522624295325681	sodium ion transmembrane transporter activity
GO:0015370	0.522624295325681	solute:sodium symporter activity
GO:0016831	0.521772603321836	carboxy-lyase activity
GO:0016881	0.517544076126442	acid-amino acid ligase activity
GO:0008616	0.510822808774753	queuosine biosynthetic process
GO:0009119	0.510822808774753	ribonucleoside metabolic process
GO:0009163	0.510822808774753	nucleoside biosynthetic process
GO:0034404	0.510822808774753	nucleobase-containing small molecule biosynthetic process
GO:0036065	0.510822808774753	fucosylation
GO:0042455	0.510822808774753	ribonucleoside biosynthetic process
GO:0046116	0.510822808774753	queuosine metabolic process
GO:1901659	0.510822808774753	glycosyl compound biosynthetic process
GO:0000003	0.510822808774753	reproduction
GO:0000413	0.510822808774753	protein peptidyl-prolyl isomerization
GO:0000910	0.510822808774753	cytokinesis
GO:0007049	0.510822808774753	cell cycle
GO:0009268	0.510822808774753	response to pH
GO:0009628	0.510822808774753	response to abiotic stimulus
GO:0010447	0.510822808774753	response to acidic pH
GO:0017038	0.510822808774753	protein import
GO:0018193	0.510822808774753	peptidyl-amino acid modification
GO:0018208	0.510822808774753	peptidyl-proline modification
GO:0019954	0.510822808774753	asexual reproduction
GO:0022402	0.510822808774753	cell cycle process
GO:0022414	0.510822808774753	reproductive process
GO:0032505	0.510822808774753	reproduction of a single-celled organism
GO:0032506	0.510822808774753	cytokinetic process
GO:0043093	0.510822808774753	FtsZ-dependent cytokinesis
GO:0090529	0.510822808774753	cell septum assembly
GO:0008641	0.510822808774753	ubiquitin-like modifier activating enzyme activity
GO:0001558	0.510822808774753	regulation of cell growth
GO:0016049	0.510822808774753	cell growth
GO:0040007	0.510822808774753	growth
GO:0040008	0.510822808774753	regulation of growth
GO:0097351	0.510822808774753	toxin sequestering activity
GO:0140313	0.510822808774753	molecular sequestering activity
GO:0006012	0.510822808774753	galactose metabolic process
GO:0015297	0.510822808774753	antiporter activity
GO:0006090	0.510822808774753	pyruvate metabolic process
GO:0016054	0.510822808774753	organic acid catabolic process
GO:0046395	0.510822808774753	carboxylic acid catabolic process
GO:0016310	0.508692050981771	phosphorylation
GO:0040011	0.507649181439303	locomotion
GO:0042919	0.505061079080227	benzoate transport
GO:0042925	0.505061079080227	benzoate transmembrane transporter activity
GO:0003755	0.502847187518402	peptidyl-prolyl cis-trans isomerase activity
GO:0016859	0.502847187518402	cis-trans isomerase activity
GO:0005342	0.502847187518402	organic acid transmembrane transporter activity
GO:0046943	0.502847187518402	carboxylic acid transmembrane transporter activity
GO:0004185	0.502847187518402	serine-type carboxypeptidase activity
GO:0009002	0.502847187518402	serine-type D-Ala-D-Ala carboxypeptidase activity
GO:0019184	0.50201799473523	nonribosomal peptide biosynthetic process
GO:0009292	0.492214300000647	horizontal gene transfer
GO:0016810	0.492142483586415	hydrolase activity, acting on carbon-nitrogen (but not peptide) bonds
GO:0001101	0.491637338343618	response to acid chemical
GO:0071229	0.491637338343618	cellular response to acid chemical
GO:0052689	0.489502961370036	carboxylic ester hydrolase activity
GO:0006576	0.486649655015255	cellular biogenic amine metabolic process
GO:0044106	0.486649655015255	cellular amine metabolic process
GO:0016301	0.485840600958799	kinase activity
GO:0005215	0.48577030483421	transporter activity
GO:0008238	0.485726432833771	exopeptidase activity
GO:0016860	0.485571987602705	intramolecular oxidoreductase activity
GO:0016841	0.480827380129955	ammonia-lyase activity
GO:0006081	0.476285079965236	cellular aldehyde metabolic process
GO:0048878	0.475585394665756	chemical homeostasis
GO:0050801	0.475585394665756	ion homeostasis
GO:0055065	0.475585394665756	metal ion homeostasis
GO:0055076	0.475585394665756	transition metal ion homeostasis
GO:0055080	0.475585394665756	cation homeostasis
GO:0098771	0.475585394665756	inorganic ion homeostasis
GO:0048518	0.464071569285125	positive regulation of biological process
GO:0048522	0.464071569285125	positive regulation of cellular process
GO:0033043	0.462979378722529	regulation of organelle organization
GO:0006935	0.462979378722529	chemotaxis
GO:0042330	0.462979378722529	taxis
GO:0006066	0.461457701748041	alcohol metabolic process
GO:1901615	0.461457701748041	organic hydroxy compound metabolic process
GO:0003333	0.461457701748041	amino acid transmembrane transport
GO:0001522	0.458358623376428	pseudouridine synthesis
GO:0009982	0.458358623376428	pseudouridine synthase activity
GO:0009360	0.457138094546304	DNA polymerase III complex
GO:0042575	0.457138094546304	DNA polymerase complex
GO:0061695	0.457138094546304	transferase complex, transferring phosphorus-containing groups
GO:0140535	0.457138094546304	intracellular protein-containing complex
GO:1990234	0.457138094546304	transferase complex
GO:0005506	0.457138094546304	iron ion binding
GO:0006364	0.452021021800087	rRNA processing
GO:0016072	0.452021021800087	rRNA metabolic process
GO:0016861	0.450846914176683	intramolecular oxidoreductase activity, interconverting aldoses and ketoses
GO:0042886	0.450344647220188	amide transport
GO:0051301	0.450159230606519	cell division
GO:0006011	0.44959788991801	UDP-glucose metabolic process
GO:0009225	0.44959788991801	nucleotide-sugar metabolic process
GO:0006753	0.44837598201123	nucleoside phosphate metabolic process
GO:0009117	0.44837598201123	nucleotide metabolic process
GO:0006275	0.446526141138923	regulation of DNA replication
GO:0006432	0.446526141138923	phenylalanyl-tRNA aminoacylation
GO:0051052	0.446526141138923	regulation of DNA metabolic process
GO:0004181	0.446526141138923	metallocarboxypeptidase activity
GO:0004826	0.446526141138923	phenylalanine-tRNA ligase activity
GO:0008235	0.446526141138923	metalloexopeptidase activity
GO:0070402	0.446526141138923	NADPH binding
GO:0009267	0.446526141138923	cellular response to starvation
GO:0031667	0.446526141138923	response to nutrient levels
GO:0031669	0.446526141138923	cellular response to nutrient levels
GO:0042594	0.446526141138923	response to starvation
GO:0006413	0.446526141138923	translational initiation
GO:0003743	0.446526141138923	translation initiation factor activity
GO:1901607	0.446526141138923	alpha-amino acid biosynthetic process
GO:0043570	0.446526141138923	maintenance of DNA repeat elements
GO:0043571	0.446526141138923	maintenance of CRISPR repeat elements
GO:0006396	0.440819397880208	RNA processing
GO:0006754	0.43620554783262	ATP biosynthetic process
GO:0009141	0.43620554783262	nucleoside triphosphate metabolic process
GO:0009142	0.43620554783262	nucleoside triphosphate biosynthetic process
GO:0009144	0.43620554783262	purine nucleoside triphosphate metabolic process
GO:0009145	0.43620554783262	purine nucleoside triphosphate biosynthetic process
GO:0009152	0.43620554783262	purine ribonucleotide biosynthetic process
GO:0009199	0.43620554783262	ribonucleoside triphosphate metabolic process
GO:0009201	0.43620554783262	ribonucleoside triphosphate biosynthetic process
GO:0009205	0.43620554783262	purine ribonucleoside triphosphate metabolic process
GO:0009206	0.43620554783262	purine ribonucleoside triphosphate biosynthetic process
GO:0009260	0.43620554783262	ribonucleotide biosynthetic process
GO:0015716	0.43620554783262	organic phosphonate transport
GO:0015986	0.43620554783262	proton motive force-driven ATP synthesis
GO:0030163	0.43620554783262	protein catabolic process
GO:0046390	0.43620554783262	ribose phosphate biosynthetic process
GO:0004451	0.43620554783262	isocitrate lyase activity
GO:0004645	0.43620554783262	1,4-alpha-oligoglucan phosphorylase activity
GO:0008184	0.43620554783262	glycogen phosphorylase activity
GO:0008772	0.43620554783262	[isocitrate dehydrogenase (NADP+)] kinase activity
GO:0008914	0.43620554783262	leucyltransferase activity
GO:0008927	0.43620554783262	mannonate dehydratase activity
GO:0016755	0.43620554783262	aminoacyltransferase activity
GO:0043531	0.43620554783262	ADP binding
GO:0034645	0.43620554783262	cellular macromolecule biosynthetic process
GO:0006771	0.43620554783262	riboflavin metabolic process
GO:0009231	0.43620554783262	riboflavin biosynthetic process
GO:0042726	0.43620554783262	flavin-containing compound metabolic process
GO:0042727	0.43620554783262	flavin-containing compound biosynthetic process
GO:1903825	0.43620554783262	organic acid transmembrane transport
GO:1905039	0.43620554783262	carboxylic acid transmembrane transport
GO:0009295	0.43620554783262	nucleoid
GO:0042910	0.43620554783262	xenobiotic transmembrane transporter activity
GO:0000155	0.43620554783262	phosphorelay sensor kinase activity
GO:0004673	0.43620554783262	protein histidine kinase activity
GO:0016775	0.43620554783262	phosphotransferase activity, nitrogenous group as acceptor
GO:0140299	0.43620554783262	small molecule sensor activity
GO:0005622	0.43620554783262	intracellular anatomical structure
GO:0006777	0.43620554783262	Mo-molybdopterin cofactor biosynthetic process
GO:0019720	0.43620554783262	Mo-molybdopterin cofactor metabolic process
GO:0043545	0.43620554783262	molybdopterin cofactor metabolic process
GO:0051189	0.43620554783262	prosthetic group metabolic process
GO:0008657	0.43620554783262	DNA topoisomerase type II (double strand cut, ATP-hydrolyzing) inhibitor activity
GO:0042030	0.43620554783262	ATPase inhibitor activity
GO:0060590	0.43620554783262	ATPase regulator activity
GO:0072586	0.43620554783262	DNA topoisomerase type II (double strand cut, ATP-hydrolyzing) regulator activity
GO:0140678	0.43620554783262	molecular function inhibitor activity
GO:0015473	0.43620554783262	fimbrial usher porin activity
GO:0009150	0.43620554783262	purine ribonucleotide metabolic process
GO:0009259	0.43620554783262	ribonucleotide metabolic process
GO:0019693	0.43620554783262	ribose phosphate metabolic process
GO:0016829	0.43620554783262	lyase activity
GO:0042558	0.433778999577897	pteridine-containing compound metabolic process
GO:0006879	0.431714624257996	cellular iron ion homeostasis
GO:0055072	0.431714624257996	iron ion homeostasis
GO:0008199	0.431714624257996	ferric iron binding
GO:0000255	0.431363752059731	allantoin metabolic process
GO:0000256	0.431363752059731	allantoin catabolic process
GO:0050385	0.431363752059731	ureidoglycolate lyase activity
GO:0003857	0.431030892012122	3-hydroxyacyl-CoA dehydrogenase activity
GO:0006397	0.429950863209692	mRNA processing
GO:0016071	0.429950863209692	mRNA metabolic process
GO:0008610	0.426469231878731	lipid biosynthetic process
GO:0043226	0.426218103533879	organelle
GO:0006457	0.424454068567584	protein folding
GO:0042262	0.423399827268991	DNA protection
GO:0009237	0.414962694726363	siderophore metabolic process
GO:0019290	0.414962694726363	siderophore biosynthetic process
GO:0044550	0.414962694726363	secondary metabolite biosynthetic process
GO:0022857	0.413670836561003	transmembrane transporter activity
GO:0046677	0.413670836561003	response to antibiotic
GO:0016853	0.413670836561003	isomerase activity
GO:0030030	0.412966629148768	cell projection organization
GO:0045454	0.412493357980511	cell redox homeostasis
GO:0002949	0.409570024136346	tRNA threonylcarbamoyladenosine modification
GO:0006269	0.409570024136346	DNA replication, synthesis of RNA primer
GO:0006354	0.409570024136346	DNA-templated transcription, elongation
GO:0006414	0.409570024136346	translational elongation
GO:0006526	0.409570024136346	arginine biosynthetic process
GO:0006528	0.409570024136346	asparagine metabolic process
GO:0006529	0.409570024136346	asparagine biosynthetic process
GO:0008360	0.409570024136346	regulation of cell shape
GO:0015977	0.409570024136346	carbon fixation
GO:0022603	0.409570024136346	regulation of anatomical structure morphogenesis
GO:0022604	0.409570024136346	regulation of cell morphogenesis
GO:0032784	0.409570024136346	regulation of DNA-templated transcription, elongation
GO:0043163	0.409570024136346	cell envelope organization
GO:0043165	0.409570024136346	Gram-negative-bacterium-type cell outer membrane assembly
GO:0044091	0.409570024136346	membrane biogenesis
GO:0050793	0.409570024136346	regulation of developmental process
GO:0051191	0.409570024136346	prosthetic group biosynthetic process
GO:0061024	0.409570024136346	membrane organization
GO:0070525	0.409570024136346	tRNA threonylcarbamoyladenosine metabolic process
GO:0071709	0.409570024136346	membrane assembly
GO:0009346	0.409570024136346	ATP-independent citrate lyase complex
GO:0019008	0.409570024136346	molybdopterin synthase complex
GO:0001216	0.409570024136346	DNA-binding transcription activator activity
GO:0003746	0.409570024136346	translation elongation factor activity
GO:0004055	0.409570024136346	argininosuccinate synthase activity
GO:0004066	0.409570024136346	asparagine synthase (glutamine-hydrolyzing) activity
GO:0004150	0.409570024136346	dihydroneopterin aldolase activity
GO:0004357	0.409570024136346	glutamate-cysteine ligase activity
GO:0004489	0.409570024136346	methylenetetrahydrofolate reductase (NAD(P)H) activity
GO:0004609	0.409570024136346	phosphatidylserine decarboxylase activity
GO:0004611	0.409570024136346	phosphoenolpyruvate carboxykinase activity
GO:0005534	0.409570024136346	galactose binding
GO:0008108	0.409570024136346	UDP-glucose:hexose-1-phosphate uridylyltransferase activity
GO:0008320	0.409570024136346	protein transmembrane transporter activity
GO:0008686	0.409570024136346	3,4-dihydroxy-2-butanone-4-phosphate synthase activity
GO:0008814	0.409570024136346	citrate CoA-transferase activity
GO:0008880	0.409570024136346	glucuronate isomerase activity
GO:0008964	0.409570024136346	phosphoenolpyruvate carboxylase activity
GO:0008987	0.409570024136346	quinolinate synthetase A activity
GO:0015450	0.409570024136346	protein-transporting ATPase activity
GO:0016849	0.409570024136346	phosphorus-oxygen lyase activity
GO:0016884	0.409570024136346	carbon-nitrogen ligase activity, with glutamine as amido-N-donor
GO:0030983	0.409570024136346	mismatched DNA binding
GO:0033897	0.409570024136346	ribonuclease T2 activity
GO:0043772	0.409570024136346	acyl-phosphate glycerol-3-phosphate acyltransferase activity
GO:0046917	0.409570024136346	triphosphoribosyl-dephospho-CoA synthase activity
GO:0050380	0.409570024136346	undecaprenyl-diphosphatase activity
GO:0052855	0.409570024136346	ADP-dependent NAD(P)H-hydrate dehydratase activity
GO:0070569	0.409570024136346	uridylyltransferase activity
GO:0140318	0.409570024136346	protein transporter activity
GO:0019842	0.409570024136346	vitamin binding
GO:0000105	0.409570024136346	histidine biosynthetic process
GO:0006547	0.409570024136346	histidine metabolic process
GO:0072521	0.409570024136346	purine-containing compound metabolic process
GO:0006163	0.409570024136346	purine nucleotide metabolic process
GO:0006820	0.409570024136346	anion transport
GO:0005539	0.409570024136346	glycosaminoglycan binding
GO:0042834	0.409570024136346	peptidoglycan binding
GO:0043228	0.409570024136346	non-membrane-bounded organelle
GO:0030031	0.409570024136346	cell projection assembly
GO:0008080	0.404501521185415	N-acetyltransferase activity
GO:0016410	0.404501521185415	N-acyltransferase activity
GO:0034069	0.404501521185415	aminoglycoside N-acetyltransferase activity
GO:0046353	0.404501521185415	aminoglycoside 3-N-acetyltransferase activity
GO:0006040	0.404501521185415	amino sugar metabolic process
GO:0005618	0.404501521185415	cell wall
GO:0042545	0.4018223911952	cell wall modification
GO:0030599	0.4018223911952	pectinesterase activity
GO:0023052	0.398964025815966	signaling
GO:0098657	0.398116283706329	import into cell
GO:0006873	0.391314923549128	cellular ion homeostasis
GO:0006875	0.391314923549128	cellular metal ion homeostasis
GO:0030003	0.391314923549128	cellular cation homeostasis
GO:0046916	0.391314923549128	cellular transition metal ion homeostasis
GO:0055082	0.391314923549128	cellular chemical homeostasis
GO:0009058	0.390880193782327	biosynthetic process
GO:0015298	0.390880193782327	solute:cation antiporter activity
GO:0015299	0.390880193782327	solute:proton antiporter activity
GO:0019299	0.387087686251636	rhamnose metabolic process
GO:0008740	0.387087686251636	L-rhamnose isomerase activity
GO:0030145	0.387087686251636	manganese ion binding
GO:0016743	0.367005959173117	carboxyl- or carbamoyltransferase activity
GO:0016835	0.367005959173117	carbon-oxygen lyase activity
GO:0015695	0.360659413834217	organic cation transport
GO:0015837	0.360659413834217	amine transport
GO:0018941	0.360659413834217	organomercury metabolic process
GO:0018942	0.360659413834217	organometal metabolic process
GO:0034229	0.360659413834217	ethanolamine transport
GO:0046413	0.360659413834217	organomercury catabolic process
GO:0005275	0.360659413834217	amine transmembrane transporter activity
GO:0015101	0.360659413834217	organic cation transmembrane transporter activity
GO:0015665	0.360659413834217	alcohol transmembrane transporter activity
GO:0018836	0.360659413834217	alkylmercury lyase activity
GO:0030151	0.360659413834217	molybdenum ion binding
GO:0034228	0.360659413834217	ethanolamine transmembrane transporter activity
GO:0009401	0.360659413834217	phosphoenolpyruvate-dependent sugar phosphotransferase system
GO:0098704	0.360659413834217	carbohydrate import across plasma membrane
GO:0098739	0.360659413834217	import across plasma membrane
GO:0009297	0.360659413834217	pilus assembly
GO:0043711	0.360659413834217	pilus organization
GO:0007165	0.360659413834217	signal transduction
GO:0009396	0.35908734607032	folic acid-containing compound biosynthetic process
GO:0042559	0.35908734607032	pteridine-containing compound biosynthetic process
GO:0046653	0.35908734607032	tetrahydrofolate metabolic process
GO:0046654	0.35908734607032	tetrahydrofolate biosynthetic process
GO:0004146	0.35908734607032	dihydrofolate reductase activity
GO:0006811	0.35908734607032	ion transport
GO:0043546	0.358461973992642	molybdopterin cofactor binding
GO:0007154	0.354024297802463	cell communication
GO:0015833	0.352908987267442	peptide transport
GO:0008107	0.350916270818808	galactoside 2-alpha-L-fucosyltransferase activity
GO:0031127	0.350916270818808	alpha-(1,2)-fucosyltransferase activity
GO:0010827	0.350916270818808	regulation of glucose transmembrane transport
GO:0010829	0.350916270818808	negative regulation of glucose transmembrane transport
GO:0034762	0.350916270818808	regulation of transmembrane transport
GO:0034763	0.350916270818808	negative regulation of transmembrane transport
GO:0046323	0.350916270818808	glucose import
GO:0046324	0.350916270818808	regulation of glucose import
GO:0046325	0.350916270818808	negative regulation of glucose import
GO:0051051	0.350916270818808	negative regulation of transport
GO:1904659	0.350916270818808	glucose transmembrane transport
GO:0051082	0.350916270818808	unfolded protein binding
GO:0003842	0.350916270818808	1-pyrroline-5-carboxylate dehydrogenase activity
GO:0006071	0.350916270818808	glycerol metabolic process
GO:0006487	0.350916270818808	protein N-linked glycosylation
GO:0006488	0.350916270818808	dolichol-linked oligosaccharide biosynthetic process
GO:0006490	0.350916270818808	oligosaccharide-lipid intermediate biosynthetic process
GO:0003978	0.349833359561916	UDP-glucose 4-epimerase activity
GO:0032553	0.346997506823364	ribonucleotide binding
GO:0016705	0.342635456153069	oxidoreductase activity, acting on paired donors, with incorporation or reduction of molecular oxygen
GO:0004521	0.338503085208279	endoribonuclease activity
GO:0042887	0.338503085208279	amide transmembrane transporter activity
GO:0006749	0.335290605014176	glutathione metabolic process
GO:0007267	0.332167286656908	cell-cell signaling
GO:0009372	0.332167286656908	quorum sensing
GO:0009595	0.332167286656908	detection of biotic stimulus
GO:0051606	0.332167286656908	detection of stimulus
GO:0060245	0.332167286656908	detection of cell density
GO:0015093	0.33037535092808	ferrous iron transmembrane transporter activity
GO:0016765	0.329365528234789	transferase activity, transferring alkyl or aryl (other than methyl) groups
GO:0004190	0.326037936064968	aspartic-type endopeptidase activity
GO:0070001	0.326037936064968	aspartic-type peptidase activity
GO:0042626	0.324076199248546	ATPase-coupled transmembrane transporter activity
GO:0051607	0.323463432461426	defense response to virus
GO:0140546	0.323463432461426	defense response to symbiont
GO:0003924	0.321837634226171	GTPase activity
GO:0008774	0.32138744147209	acetaldehyde dehydrogenase (acetylating) activity
GO:0019400	0.319413208256323	alditol metabolic process
GO:0019751	0.319413208256323	polyol metabolic process
GO:0009291	0.319272257441734	unidirectional conjugation
GO:0046912	0.316667269715431	acyltransferase activity, acyl groups converted into alkyl on transfer
GO:0016021	0.316655595315795	integral component of membrane
GO:0031224	0.316655595315795	intrinsic component of membrane
GO:0009072	0.311440704965482	aromatic amino acid family metabolic process
GO:0003723	0.311440704965482	RNA binding
GO:0006084	0.311440704965482	acetyl-CoA metabolic process
GO:0006637	0.311440704965482	acyl-CoA metabolic process
GO:0035383	0.311440704965482	thioester metabolic process
GO:0072329	0.311440704965482	monocarboxylic acid catabolic process
GO:0006568	0.311440704965482	tryptophan metabolic process
GO:0006586	0.311440704965482	indolalkylamine metabolic process
GO:0042430	0.311440704965482	indole-containing compound metabolic process
GO:0004640	0.311440704965482	phosphoribosylanthranilate isomerase activity
GO:0033865	0.310259039474659	nucleoside bisphosphate metabolic process
GO:0033875	0.310259039474659	ribonucleoside bisphosphate metabolic process
GO:0034032	0.310259039474659	purine nucleoside bisphosphate metabolic process
GO:0008094	0.30145668171178	ATP-dependent activity, acting on DNA
GO:0009451	0.294410571699466	RNA modification
GO:0006808	0.291655857037243	regulation of nitrogen utilization
GO:0019740	0.291655857037243	nitrogen utilization
GO:0033692	0.291655857037243	cellular polysaccharide biosynthetic process
GO:0034637	0.291655857037243	cellular carbohydrate biosynthetic process
GO:0044264	0.291655857037243	cellular polysaccharide metabolic process
GO:0030153	0.291458725635867	bacteriocin immunity
GO:0015643	0.291458725635867	toxic substance binding
GO:0001906	0.290475049468978	cell killing
GO:0031640	0.290475049468978	killing of cells of another organism
GO:0044179	0.290475049468978	hemolysis in another organism
GO:0051715	0.290475049468978	cytolysis in another organism
GO:0015399	0.287708485474911	primary active transmembrane transporter activity
GO:0006097	0.286358985162502	glyoxylate cycle
GO:0046487	0.286358985162502	glyoxylate metabolic process
GO:0004474	0.286358985162502	malate synthase activity
GO:0003954	0.286358985162502	NADH dehydrogenase activity
GO:0003955	0.286358985162502	NAD(P)H dehydrogenase (quinone) activity
GO:0008137	0.286358985162502	NADH dehydrogenase (ubiquinone) activity
GO:0015453	0.286358985162502	oxidoreduction-driven active transmembrane transporter activity
GO:0016651	0.286358985162502	oxidoreductase activity, acting on NAD(P)H
GO:0016655	0.286358985162502	oxidoreductase activity, acting on NAD(P)H, quinone or similar compound as acceptor
GO:0050136	0.286358985162502	NADH dehydrogenase (quinone) activity
GO:0008483	0.286358985162502	transaminase activity
GO:0016769	0.286358985162502	transferase activity, transferring nitrogenous groups
GO:0016725	0.285932157206204	oxidoreductase activity, acting on CH or CH2 groups
GO:0016684	0.284467619315566	oxidoreductase activity, acting on peroxide as acceptor
GO:0009615	0.281580022070094	response to virus
GO:0046873	0.280631508126742	metal ion transmembrane transporter activity
GO:0006612	0.278674390320487	protein targeting to membrane
GO:0006613	0.278674390320487	cotranslational protein targeting to membrane
GO:0006614	0.278674390320487	SRP-dependent cotranslational protein targeting to membrane
GO:0033365	0.278674390320487	protein localization to organelle
GO:0044341	0.278674390320487	sodium-dependent phosphate transport
GO:0045047	0.278674390320487	protein targeting to ER
GO:0051668	0.278674390320487	localization within membrane
GO:0070972	0.278674390320487	protein localization to endoplasmic reticulum
GO:0072594	0.278674390320487	establishment of protein localization to organelle
GO:0072599	0.278674390320487	establishment of protein localization to endoplasmic reticulum
GO:0072657	0.278674390320487	protein localization to membrane
GO:0090150	0.278674390320487	establishment of protein localization to membrane
GO:0004417	0.278674390320487	hydroxyethylthiazole kinase activity
GO:0005436	0.278674390320487	sodium:phosphate symporter activity
GO:0008081	0.278674390320487	phosphoric diester hydrolase activity
GO:0008963	0.278674390320487	phospho-N-acetylmuramoyl-pentapeptide-transferase activity
GO:0006541	0.278674390320487	glutamine metabolic process
GO:0004359	0.278674390320487	glutaminase activity
GO:0032502	0.276280332688772	developmental process
GO:0015103	0.273407065970597	inorganic anion transmembrane transporter activity
GO:0015858	0.27319241421528	nucleoside transport
GO:0015931	0.27319241421528	nucleobase-containing compound transport
GO:0034258	0.27319241421528	nicotinamide riboside transport
GO:1901264	0.27319241421528	carbohydrate derivative transport
GO:0005337	0.27319241421528	nucleoside transmembrane transporter activity
GO:0015932	0.27319241421528	nucleobase-containing compound transmembrane transporter activity
GO:0034257	0.27319241421528	nicotinamide riboside transmembrane transporter activity
GO:1901505	0.27319241421528	carbohydrate derivative transmembrane transporter activity
GO:0030246	0.27319241421528	carbohydrate binding
GO:0098656	0.27319241421528	anion transmembrane transport
GO:0009605	0.272205081585686	response to external stimulus
GO:0034219	0.269875098868445	carbohydrate transmembrane transport
GO:0015694	0.269597187868688	mercury ion transport
GO:0046689	0.269597187868688	response to mercury ion
GO:0050787	0.269597187868688	detoxification of mercury ion
GO:0061687	0.269597187868688	detoxification of inorganic compound
GO:0098754	0.269597187868688	detoxification
GO:0015097	0.269597187868688	mercury ion transmembrane transporter activity
GO:0006551	0.269597187868688	leucine metabolic process
GO:0009098	0.269597187868688	leucine biosynthetic process
GO:0047429	0.269597187868688	nucleoside-triphosphate diphosphatase activity
GO:0008897	0.269597187868688	holo-[acyl-carrier-protein] synthase activity
GO:0008745	0.268748403027217	N-acetylmuramoyl-L-alanine amidase activity
GO:0019439	0.267098768128215	aromatic compound catabolic process
GO:0042398	0.266759179998109	cellular modified amino acid biosynthetic process
GO:0006760	0.266096566289675	folic acid-containing compound metabolic process
GO:0006520	0.264520693934308	cellular amino acid metabolic process
GO:0016805	0.262130913358842	dipeptidase activity
GO:0016209	0.26211164591105	antioxidant activity
GO:0006006	0.26211164591105	glucose metabolic process
GO:0055085	0.26174779388547	transmembrane transport
GO:0008652	0.260057931693383	cellular amino acid biosynthetic process
GO:0000150	0.256554850590199	DNA strand exchange activity
GO:0071805	0.253176570143477	potassium ion transmembrane transport
GO:0004525	0.253176570143477	ribonuclease III activity
GO:0032296	0.253176570143477	double-stranded RNA-specific ribonuclease activity
GO:0017076	0.253176570143477	purine nucleotide binding
GO:0032555	0.253176570143477	purine ribonucleotide binding
GO:0050660	0.253176570143477	flavin adenine dinucleotide binding
GO:0000272	0.253176570143477	polysaccharide catabolic process
GO:0010393	0.253176570143477	galacturonan metabolic process
GO:0045488	0.253176570143477	pectin metabolic process
GO:0045490	0.253176570143477	pectin catabolic process
GO:0016837	0.253176570143477	carbon-oxygen lyase activity, acting on polysaccharides
GO:0047487	0.253176570143477	oligogalacturonide lyase activity
GO:0006063	0.253084703199773	uronic acid metabolic process
GO:0006064	0.253084703199773	glucuronate catabolic process
GO:0006106	0.253084703199773	fumarate metabolic process
GO:0006400	0.253084703199773	tRNA modification
GO:0019585	0.253084703199773	glucuronate metabolic process
GO:0017150	0.253084703199773	tRNA dihydrouridine synthase activity
GO:0106413	0.253084703199773	dihydrouridine synthase activity
GO:0006751	0.253084703199773	glutathione catabolic process
GO:0042219	0.253084703199773	cellular modified amino acid catabolic process
GO:0043171	0.253084703199773	peptide catabolic process
GO:0044273	0.253084703199773	sulfur compound catabolic process
GO:0003839	0.253084703199773	gamma-glutamylcyclotransferase activity
GO:0008851	0.253084703199773	ethanolamine ammonia-lyase activity
GO:0051259	0.253084703199773	protein complex oligomerization
GO:0016491	0.246914484407754	oxidoreductase activity
GO:0009060	0.240028022702236	aerobic respiration
GO:0003678	0.236767447386313	DNA helicase activity
GO:0043229	0.236767447386313	intracellular organelle
GO:0043232	0.236767447386313	intracellular non-membrane-bounded organelle
GO:0006766	0.234613521613269	vitamin metabolic process
GO:0006767	0.234613521613269	water-soluble vitamin metabolic process
GO:0009110	0.234613521613269	vitamin biosynthetic process
GO:0042364	0.234613521613269	water-soluble vitamin biosynthetic process
GO:0030170	0.234613521613269	pyridoxal phosphate binding
GO:0070279	0.234613521613269	vitamin B6 binding
GO:0006098	0.22381432319024	pentose-phosphate shunt
GO:0006739	0.22381432319024	NADP metabolic process
GO:0006740	0.22381432319024	NADPH regeneration
GO:0009052	0.22381432319024	pentose-phosphate shunt, non-oxidative branch
GO:0009240	0.22381432319024	isopentenyl diphosphate biosynthetic process
GO:0019288	0.22381432319024	isopentenyl diphosphate biosynthetic process, methylerythritol 4-phosphate pathway
GO:0019682	0.22381432319024	glyceraldehyde-3-phosphate metabolic process
GO:0046490	0.22381432319024	isopentenyl diphosphate metabolic process
GO:0050992	0.22381432319024	dimethylallyl diphosphate biosynthetic process
GO:0050993	0.22381432319024	dimethylallyl diphosphate metabolic process
GO:0051156	0.22381432319024	glucose 6-phosphate metabolic process
GO:0003905	0.22381432319024	alkylbase DNA N-glycosylase activity
GO:0004652	0.22381432319024	polynucleotide adenylyltransferase activity
GO:0004751	0.22381432319024	ribose-5-phosphate isomerase activity
GO:0004810	0.22381432319024	tRNA adenylyltransferase activity
GO:0008725	0.22381432319024	DNA-3-methyladenine glycosylase activity
GO:0016726	0.22381432319024	oxidoreductase activity, acting on CH or CH2 groups, NAD or NADP as acceptor
GO:0019104	0.22381432319024	DNA N-glycosylase activity
GO:0043733	0.22381432319024	DNA-3-methylbase glycosylase activity
GO:0051745	0.22381432319024	4-hydroxy-3-methylbut-2-en-1-yl diphosphate reductase activity
GO:1990817	0.22381432319024	RNA adenylyltransferase activity
GO:0009235	0.22381432319024	cobalamin metabolic process
GO:0009236	0.22381432319024	cobalamin biosynthetic process
GO:0004222	0.22381432319024	metalloendopeptidase activity
GO:0042592	0.22381432319024	homeostatic process
GO:0030551	0.22381432319024	cyclic nucleotide binding
GO:0035438	0.22381432319024	cyclic-di-GMP binding
GO:0006772	0.22381432319024	thiamine metabolic process
GO:0009228	0.22381432319024	thiamine biosynthetic process
GO:0034308	0.22381432319024	primary alcohol metabolic process
GO:0034309	0.22381432319024	primary alcohol biosynthetic process
GO:0042723	0.22381432319024	thiamine-containing compound metabolic process
GO:0042724	0.22381432319024	thiamine-containing compound biosynthetic process
GO:0046165	0.22381432319024	alcohol biosynthetic process
GO:1901617	0.22381432319024	organic hydroxy compound biosynthetic process
GO:0035639	0.22381432319024	purine ribonucleoside triphosphate binding
GO:0015698	0.22381432319024	inorganic anion transport
GO:0016879	0.222803776111655	ligase activity, forming carbon-nitrogen bonds
GO:0008270	0.216634255304294	zinc ion binding
GO:0031555	0.2165120137307	transcriptional attenuation
GO:0031556	0.2165120137307	transcriptional attenuation by ribosome
GO:0065008	0.216041801512588	regulation of biological quality
GO:0071949	0.214800256554094	FAD binding
GO:0009116	0.214569815233834	nucleoside metabolic process
GO:1901657	0.214569815233834	glycosyl compound metabolic process
GO:0009432	0.214569815233834	SOS response
GO:0022611	0.214569815233834	dormancy process
GO:0004356	0.214569815233834	glutamate-ammonia ligase activity
GO:0016211	0.214569815233834	ammonia ligase activity
GO:0016880	0.214569815233834	acid-ammonia (or amide) ligase activity
GO:0046983	0.212668897757679	protein dimerization activity
GO:0008028	0.209708088585246	monocarboxylic acid transmembrane transporter activity
GO:0045333	0.207952630000091	cellular respiration
GO:0016893	0.206928192519114	endonuclease activity, active with either ribo- or deoxyribonucleic acids and producing 5'-phosphomonoesters
GO:0022853	0.206928192519114	active ion transmembrane transporter activity
GO:0016597	0.204981600788669	amino acid binding
GO:0016840	0.204587928210173	carbon-nitrogen lyase activity
GO:0032787	0.203441825771457	monocarboxylic acid metabolic process
GO:0015711	0.19981915692343	organic anion transport
GO:0046942	0.19981915692343	carboxylic acid transport
GO:0008514	0.19981915692343	organic anion transmembrane transporter activity
GO:0016772	0.192735035185132	transferase activity, transferring phosphorus-containing groups
GO:0033013	0.192584958752276	tetrapyrrole metabolic process
GO:0033014	0.192584958752276	tetrapyrrole biosynthetic process
GO:0047355	0.191009059478527	CDP-glycerol glycerophosphotransferase activity
GO:0016645	0.191009059478527	oxidoreductase activity, acting on the CH-NH group of donors
GO:0016646	0.191009059478527	oxidoreductase activity, acting on the CH-NH group of donors, NAD or NADP as acceptor
GO:0008324	0.189105434958243	cation transmembrane transporter activity
GO:0006566	0.186154087613013	threonine metabolic process
GO:0009088	0.186154087613013	threonine biosynthetic process
GO:0043177	0.184898205549535	organic acid binding
GO:0006094	0.18195347822369	gluconeogenesis
GO:0019319	0.18195347822369	hexose biosynthetic process
GO:0046364	0.18195347822369	monosaccharide biosynthetic process
GO:0006276	0.179968063539461	plasmid maintenance
GO:0046434	0.179968063539461	organophosphate catabolic process
GO:0008643	0.179968063539461	carbohydrate transport
GO:0065003	0.179953243818884	protein-containing complex assembly
GO:0017004	0.177514354234049	cytochrome complex assembly
GO:0019725	0.175960813084977	cellular homeostasis
GO:0051536	0.175461973456852	iron-sulfur cluster binding
GO:0051540	0.175461973456852	metal cluster binding
GO:0015718	0.175071117728117	monocarboxylic acid transport
GO:0031419	0.174616385201897	cobalamin binding
GO:1901576	0.171791176130917	organic substance biosynthetic process
GO:0042126	0.165980083367765	nitrate metabolic process
GO:0042128	0.165980083367765	nitrate assimilation
GO:2001057	0.165980083367765	reactive nitrogen species metabolic process
GO:0015144	0.164089004214051	carbohydrate transmembrane transporter activity
GO:0015700	0.164089004214051	arsenite transport
GO:0015105	0.164089004214051	arsenite transmembrane transporter activity
GO:0022900	0.160883382820626	electron transport chain
GO:0006030	0.160473911947436	chitin metabolic process
GO:0006032	0.160473911947436	chitin catabolic process
GO:0046348	0.160473911947436	amino sugar catabolic process
GO:1901071	0.160473911947436	glucosamine-containing compound metabolic process
GO:1901072	0.160473911947436	glucosamine-containing compound catabolic process
GO:0004568	0.160473911947436	chitinase activity
GO:0009066	0.160473911947436	aspartate family amino acid metabolic process
GO:0016836	0.160473911947436	hydro-lyase activity
GO:0006284	0.160473911947436	base-excision repair
GO:0006304	0.160473911947436	DNA modification
GO:0015145	0.157388750073188	monosaccharide transmembrane transporter activity
GO:0051119	0.157388750073188	sugar transmembrane transporter activity
GO:0009166	0.155898744457647	nucleotide catabolic process
GO:1901292	0.155898744457647	nucleoside phosphate catabolic process
GO:0016842	0.150784468340076	amidine-lyase activity
GO:0044281	0.14638865017258	small molecule metabolic process
GO:0005216	0.146116305205819	ion channel activity
GO:0005253	0.146116305205819	anion channel activity
GO:0005694	0.14472557539206	chromosome
GO:0022904	0.144724297008626	respiratory electron transport chain
GO:0005524	0.139555398486432	ATP binding
GO:0000160	0.139392490048041	phosphorelay signal transduction system
GO:0035556	0.139392490048041	intracellular signal transduction
GO:0030554	0.139392490048041	adenyl nucleotide binding
GO:0032559	0.139392490048041	adenyl ribonucleotide binding
GO:0071806	0.139392490048041	protein transmembrane transport
GO:0006631	0.139392490048041	fatty acid metabolic process
GO:0006298	0.139392490048041	mismatch repair
GO:0016625	0.139392490048041	oxidoreductase activity, acting on the aldehyde or oxo group of donors, iron-sulfur protein as acceptor
GO:0022804	0.135836656639181	active transmembrane transporter activity
GO:0009289	0.135710987851649	pilus
GO:0016627	0.130408656956407	oxidoreductase activity, acting on the CH-CH group of donors
GO:0030234	0.130408656956407	enzyme regulator activity
GO:0098772	0.130408656956407	molecular function regulator activity
GO:0008237	0.127882141340748	metallopeptidase activity
GO:1901681	0.127676005244537	sulfur compound binding
GO:0030976	0.125030077188748	thiamine pyrophosphate binding
GO:0050997	0.125030077188748	quaternary ammonium group binding
GO:0016667	0.12284722888252	oxidoreductase activity, acting on a sulfur group of donors
GO:0008047	0.120861007762356	enzyme activator activity
GO:0009439	0.120489995627263	cyanate metabolic process
GO:0004089	0.120489995627263	carbonate dehydratase activity
GO:0009067	0.119412302483511	aspartate family amino acid biosynthetic process
GO:0015749	0.119164711219938	monosaccharide transmembrane transport
GO:0031406	0.113976949240494	carboxylic acid binding
GO:0035429	0.113904834346177	gluconate transmembrane transport
GO:0042873	0.113904834346177	aldonate transmembrane transport
GO:0015128	0.113904834346177	gluconate transmembrane transporter activity
GO:0042879	0.113904834346177	aldonate transmembrane transporter activity
GO:0006518	0.113904834346177	peptide metabolic process
GO:0008373	0.109695849452511	sialyltransferase activity
GO:0015628	0.109367281133524	protein secretion by the type II secretion system
GO:0098776	0.109367281133524	protein transport across the cell outer membrane
GO:0015627	0.109367281133524	type II protein secretion system complex
GO:0006119	0.109367281133524	oxidative phosphorylation
GO:0019646	0.109367281133524	aerobic electron transport chain
GO:0070069	0.109367281133524	cytochrome complex
GO:0031388	0.105931994160654	organic acid phosphorylation
GO:0008887	0.105931994160654	glycerate kinase activity
GO:0015980	0.105160117665103	energy derivation by oxidation of organic compounds
GO:0009991	0.104013750174626	response to extracellular stimulus
GO:0031668	0.104013750174626	cellular response to extracellular stimulus
GO:0071496	0.104013750174626	cellular response to external stimulus
GO:0010181	0.104013750174626	FMN binding
GO:0044085	0.10400555161672	cellular component biogenesis
GO:0004866	0.10400555161672	endopeptidase inhibitor activity
GO:0030414	0.10400555161672	peptidase inhibitor activity
GO:0061134	0.10400555161672	peptidase regulator activity
GO:0061135	0.10400555161672	endopeptidase regulator activity
GO:0006468	0.103906856752118	protein phosphorylation
GO:0016407	0.103906856752118	acetyltransferase activity
GO:0005576	0.103906856752118	extracellular region
GO:0042710	0.103649232598146	biofilm formation
GO:0098630	0.103649232598146	aggregation of unicellular organisms
GO:0098743	0.103649232598146	cell aggregation
GO:0006575	0.102597526876657	cellular modified amino acid metabolic process
GO:0015035	0.102597526876657	protein-disulfide reductase activity
GO:0015036	0.102597526876657	disulfide oxidoreductase activity
GO:0008134	0.102597526876657	transcription factor binding
GO:0022607	0.101613690759446	cellular component assembly
GO:0019520	0.101613690759446	aldonic acid metabolic process
GO:0019583	0.101613690759446	galactonate metabolic process
GO:0019584	0.101613690759446	galactonate catabolic process
GO:0034192	0.101613690759446	D-galactonate metabolic process
GO:0034194	0.101613690759446	D-galactonate catabolic process
GO:0044275	0.101613690759446	cellular carbohydrate catabolic process
GO:0046176	0.101613690759446	aldonic acid catabolic process
GO:0008671	0.101613690759446	2-dehydro-3-deoxygalactonokinase activity
GO:0019200	0.101613690759446	carbohydrate kinase activity
GO:0009059	0.101613690759446	macromolecule biosynthetic process
GO:0008982	0.101613690759446	protein-N(PI)-phosphohistidine-sugar phosphotransferase activity
GO:0004857	0.101083421180176	enzyme inhibitor activity
GO:0016791	0.101083421180176	phosphatase activity
GO:0016779	0.100057753961381	nucleotidyltransferase activity
GO:0043190	0.0996802583863519	ATP-binding cassette (ABC) transporter complex
GO:0098533	0.0996802583863519	ATPase dependent transmembrane transport complex
GO:0008171	0.0996802583863519	O-methyltransferase activity
GO:0006412	0.0976468307293599	translation
GO:0006633	0.0941767894062146	fatty acid biosynthetic process
GO:0004312	0.0941767894062146	fatty acid synthase activity
GO:0004315	0.0941767894062146	3-oxoacyl-[acyl-carrier-protein] synthase activity
GO:0043604	0.0938096212576415	amide biosynthetic process
GO:0042995	0.0938096212576415	cell projection
GO:0071944	0.0933870113957721	cell periphery
GO:0015774	0.0922537900888885	polysaccharide transport
GO:0033037	0.0922537900888885	polysaccharide localization
GO:0003887	0.0915902621486952	DNA-directed DNA polymerase activity
GO:0034061	0.0915902621486952	DNA polymerase activity
GO:0098796	0.0894612584618176	membrane protein complex
GO:0098797	0.0894612584618176	plasma membrane protein complex
GO:1902495	0.0894612584618176	transmembrane transporter complex
GO:1990351	0.0894612584618176	transporter complex
GO:0015727	0.0890600812959134	lactate transport
GO:0015129	0.0890600812959134	lactate transmembrane transporter activity
GO:0008484	0.0890600812959134	sulfuric ester hydrolase activity
GO:0019203	0.0887564104585379	carbohydrate phosphatase activity
GO:0042132	0.0887564104585379	fructose 1,6-bisphosphate 1-phosphatase activity
GO:0050308	0.0887564104585379	sugar-phosphatase activity
GO:0045229	0.0887564104585379	external encapsulating structure organization
GO:0071555	0.0887564104585379	cell wall organization
GO:0043043	0.0887564104585379	peptide biosynthetic process
GO:0022890	0.0876820452284669	inorganic cation transmembrane transporter activity
GO:0006399	0.0851873661976235	tRNA metabolic process
GO:0004520	0.0840023400804931	endodeoxyribonuclease activity
GO:0009036	0.0840023400804931	type II site-specific deoxyribonuclease activity
GO:0015666	0.0840023400804931	restriction endodeoxyribonuclease activity
GO:0016888	0.0840023400804931	endodeoxyribonuclease activity, producing 5'-phosphomonoesters
GO:0046034	0.0828827167454435	ATP metabolic process
GO:0007155	0.0804801567830559	cell adhesion
GO:0016811	0.0803776118306528	hydrolase activity, acting on carbon-nitrogen (but not peptide) bonds, in linear amides
GO:0016020	0.0801203528669019	membrane
GO:0004519	0.0795441058620515	endonuclease activity
GO:0034660	0.0792779967861929	ncRNA metabolic process
GO:0016759	0.0791101212380631	cellulose synthase activity
GO:0016760	0.0791101212380631	cellulose synthase (UDP-forming) activity
GO:0035251	0.0791101212380631	UDP-glucosyltransferase activity
GO:0046527	0.0791101212380631	glucosyltransferase activity
GO:0034618	0.0791101212380631	arginine binding
GO:0051287	0.0762249386955477	NAD binding
GO:0016070	0.072454553215228	RNA metabolic process
GO:0009064	0.0717440335133553	glutamine family amino acid metabolic process
GO:0008033	0.0717440335133553	tRNA processing
GO:0005727	0.0717440335133553	extrachromosomal circular DNA
GO:0046821	0.0717440335133553	extrachromosomal DNA
GO:0006525	0.0716292392831589	arginine metabolic process
GO:0016616	0.0684285664259374	oxidoreductase activity, acting on the CH-OH group of donors, NAD or NADP as acceptor
GO:0034470	0.0684285664259374	ncRNA processing
GO:0044249	0.0658903021276234	cellular biosynthetic process
GO:0018130	0.0596948084649972	heterocycle biosynthetic process
GO:0019752	0.0595388591062573	carboxylic acid metabolic process
GO:0003899	0.0590311803929934	DNA-directed 5'-3' RNA polymerase activity
GO:0034062	0.0590311803929934	5'-3' RNA polymerase activity
GO:0097747	0.0590311803929934	RNA polymerase activity
GO:0019867	0.0590311803929934	outer membrane
GO:0006091	0.0590311803929934	generation of precursor metabolites and energy
GO:1901362	0.0583461547434159	organic cyclic compound biosynthetic process
GO:0006082	0.0583461547434159	organic acid metabolic process
GO:0043752	0.0581898934999532	adenosylcobinamide kinase activity
GO:0015840	0.0580460158421763	urea transport
GO:0019755	0.0580460158421763	one-carbon compound transport
GO:0071918	0.0580460158421763	urea transmembrane transport
GO:0015204	0.0580460158421763	urea transmembrane transporter activity
GO:0016052	0.0580460158421763	carbohydrate catabolic process
GO:0034655	0.0575801201130575	nucleobase-containing compound catabolic process
GO:0046906	0.0564531997611477	tetrapyrrole binding
GO:0051252	0.0562474425683447	regulation of RNA metabolic process
GO:2001141	0.0562474425683447	regulation of RNA biosynthetic process
GO:0072330	0.0562474425683447	monocarboxylic acid biosynthetic process
GO:0008849	0.0562474425683447	enterochelin esterase activity
GO:0055086	0.054901982957751	nucleobase-containing small molecule metabolic process
GO:0006401	0.0545492296144333	RNA catabolic process
GO:0032991	0.0531937800029695	protein-containing complex
GO:0042578	0.0513067067871599	phosphoric ester hydrolase activity
GO:0006313	0.0509071354282325	transposition, DNA-mediated
GO:0032196	0.0509071354282325	transposition
GO:0043436	0.0506542393782935	oxoacid metabolic process
GO:0016053	0.0505626888943964	organic acid biosynthetic process
GO:0019219	0.0492016777090115	regulation of nucleobase-containing compound metabolic process
GO:0008170	0.048860733161929	N-methyltransferase activity
GO:0046394	0.0482204272878471	carboxylic acid biosynthetic process
GO:0004601	0.0478751802840507	peroxidase activity
GO:0015850	0.0474306425291644	organic hydroxy compound transport
GO:1901618	0.0474306425291644	organic hydroxy compound transmembrane transporter activity
GO:0006486	0.0474306425291644	protein glycosylation
GO:0009100	0.0474306425291644	glycoprotein metabolic process
GO:0009101	0.0474306425291644	glycoprotein biosynthetic process
GO:0043413	0.0474306425291644	macromolecule glycosylation
GO:0006814	0.0463510593314515	sodium ion transport
GO:0016614	0.0459721732133059	oxidoreductase activity, acting on CH-OH group of donors
GO:0019438	0.0459721732133059	aromatic compound biosynthetic process
GO:0016854	0.045147469597074	racemase and epimerase activity
GO:0008767	0.0447568775689183	UDP-galactopyranose mutase activity
GO:0065007	0.043231702403794	biological regulation
GO:0000394	0.0410217450390081	RNA splicing, via endonucleolytic cleavage and ligation
GO:0006388	0.0410217450390081	tRNA splicing, via endonucleolytic cleavage and ligation
GO:0008380	0.0410217450390081	RNA splicing
GO:0005351	0.0410217450390081	carbohydrate:proton symporter activity
GO:0005402	0.0410217450390081	carbohydrate:cation symporter activity
GO:0015078	0.0410217450390081	proton transmembrane transporter activity
GO:0015295	0.0410217450390081	solute:proton symporter activity
GO:0016624	0.0410217450390081	oxidoreductase activity, acting on the aldehyde or oxo group of donors, disulfide as acceptor
GO:0044271	0.0410217450390081	cellular nitrogen compound biosynthetic process
GO:0004386	0.0409741975479856	helicase activity
GO:0015318	0.0406005643923009	inorganic molecular entity transmembrane transporter activity
GO:0034654	0.0405041686530468	nucleobase-containing compound biosynthetic process
GO:0046700	0.0405041686530468	heterocycle catabolic process
GO:0015294	0.0404505397302372	solute:cation symporter activity
GO:1901605	0.040104365539136	alpha-amino acid metabolic process
GO:0050794	0.0398951419138429	regulation of cellular process
GO:0004803	0.0394333850104989	transposase activity
GO:0008378	0.0394333850104989	galactosyltransferase activity
GO:0008918	0.0394333850104989	lipopolysaccharide 3-alpha-galactosyltransferase activity
GO:0035250	0.0394333850104989	UDP-galactosyltransferase activity
GO:0050789	0.0393880314349745	regulation of biological process
GO:0016857	0.0393880314349745	racemase and epimerase activity, acting on carbohydrates and derivatives
GO:0051537	0.0393880314349745	2 iron, 2 sulfur cluster binding
GO:0006355	0.0393880314349745	regulation of transcription, DNA-templated
GO:1903506	0.0393880314349745	regulation of nucleic acid-templated transcription
GO:0020037	0.0393880314349745	heme binding
GO:0072528	0.0393880314349745	pyrimidine-containing compound biosynthetic process
GO:0005737	0.0393880314349745	cytoplasm
GO:0070085	0.0393621560474397	glycosylation
GO:0016741	0.0372356669969181	transferase activity, transferring one-carbon groups
GO:0004175	0.037162302355424	endopeptidase activity
GO:0006351	0.0366837473470961	transcription, DNA-templated
GO:0032774	0.0366837473470961	RNA biosynthetic process
GO:0097659	0.0366837473470961	nucleic acid-templated transcription
GO:0090407	0.0366837473470961	organophosphate biosynthetic process
GO:0019069	0.0363086442543132	viral capsid assembly
GO:0072527	0.0360249108226257	pyrimidine-containing compound metabolic process
GO:0043412	0.0357304287478707	macromolecule modification
GO:0005575	0.0339152216541411	cellular_component
GO:0009889	0.0333403664981638	regulation of biosynthetic process
GO:0010556	0.0333403664981638	regulation of macromolecule biosynthetic process
GO:0031326	0.0333403664981638	regulation of cellular biosynthetic process
GO:0016773	0.0333403664981638	phosphotransferase activity, alcohol group as acceptor
GO:0060089	0.0333403664981638	molecular transducer activity
GO:1901361	0.0319434734930569	organic cyclic compound catabolic process
GO:0019222	0.0295661361625934	regulation of metabolic process
GO:0060255	0.0295661361625934	regulation of macromolecule metabolic process
GO:0031323	0.0281707057135152	regulation of cellular metabolic process
GO:0051171	0.0281707057135152	regulation of nitrogen compound metabolic process
GO:0080090	0.0281707057135152	regulation of primary metabolic process
GO:0003896	0.0255538283651131	DNA primase activity
GO:0010467	0.0252699230088939	gene expression
GO:0004371	0.0246597132515292	glycerone kinase activity
GO:0003729	0.0231995121882773	mRNA binding
GO:0006073	0.0229702119224771	cellular glucan metabolic process
GO:0009250	0.0229702119224771	glucan biosynthetic process
GO:0030243	0.0229702119224771	cellulose metabolic process
GO:0030244	0.0229702119224771	cellulose biosynthetic process
GO:0044042	0.0229702119224771	glucan metabolic process
GO:0051273	0.0229702119224771	beta-glucan metabolic process
GO:0051274	0.0229702119224771	beta-glucan biosynthetic process
GO:0009881	0.0229702119224771	photoreceptor activity
GO:0009882	0.0229702119224771	blue light photoreceptor activity
GO:0038023	0.0229702119224771	signaling receptor activity
GO:0016051	0.0221980700777392	carbohydrate biosynthetic process
GO:0006289	0.0221980700777392	nucleotide-excision repair
GO:0003906	0.0221980700777392	DNA-(apurinic or apyrimidinic site) endonuclease activity
GO:0010468	0.0206261014455016	regulation of gene expression
GO:0110165	0.0205296307469477	cellular anatomical entity
GO:0051716	0.0190020045857453	cellular response to stimulus
GO:0044262	0.0179598377666453	cellular carbohydrate metabolic process
GO:0004518	0.0156418089663351	nuclease activity
GO:0015149	0.0149439649451607	hexose transmembrane transporter activity
GO:0015153	0.0149439649451607	rhamnose transmembrane transporter activity
GO:0008645	0.0116534108804778	hexose transmembrane transport
GO:0005976	0.0112695427653591	polysaccharide metabolic process
GO:0043603	0.0111365574165369	cellular amide metabolic process
GO:0009112	0.0106481223938527	nucleobase metabolic process
GO:0046112	0.0106481223938527	nucleobase biosynthetic process
GO:0005840	0.00998211841228164	ribosome
GO:0003735	0.00928765130005069	structural constituent of ribosome
GO:0051128	0.00928765130005069	regulation of cellular component organization
GO:0140098	0.00889603635743837	catalytic activity, acting on RNA
GO:0008168	0.00817832028952844	methyltransferase activity
GO:0006113	0.00770522595224977	fermentation
GO:0009063	0.00770522595224977	cellular amino acid catabolic process
GO:0019665	0.00770522595224977	anaerobic amino acid catabolic process
GO:0019666	0.00770522595224977	nitrogenous compound fermentation
GO:0019670	0.00770522595224977	anaerobic glutamate catabolic process
GO:0008817	0.00770522595224977	cob(I)yrinic acid a,c-diamide adenosyltransferase activity
GO:0050097	0.00770522595224977	methylaspartate mutase activity
GO:0008194	0.00766236547453644	UDP-glycosyltransferase activity
GO:0046914	0.00754749186706947	transition metal ion binding
GO:0033036	0.00736314301738862	macromolecule localization
GO:0016758	0.0068519007698213	hexosyltransferase activity
GO:0006605	0.00623097655479099	protein targeting
GO:0006886	0.00623097655479099	intracellular protein transport
GO:0034613	0.00623097655479099	cellular protein localization
GO:0046907	0.00623097655479099	intracellular transport
GO:0051641	0.00623097655479099	cellular localization
GO:0051649	0.00623097655479099	establishment of localization in cell
GO:0070727	0.00623097655479099	cellular macromolecule localization
GO:0005509	0.00623097655479099	calcium ion binding
GO:0008410	0.00593544619564875	CoA-transferase activity
GO:0016782	0.00593544619564875	transferase activity, transferring sulphur-containing groups
GO:0006996	0.00593544619564875	organelle organization
GO:0044267	0.00584035897537759	cellular protein metabolic process
GO:0005886	0.00545905572384085	plasma membrane
GO:0006644	0.00510432166935933	phospholipid metabolic process
GO:0008654	0.00510432166935933	phospholipid biosynthetic process
GO:0000271	0.00389892937636419	polysaccharide biosynthetic process
GO:0004527	0.00358353325274383	exonuclease activity
GO:0015293	0.00346932000750039	symporter activity
GO:0043167	0.00327149446078484	ion binding
GO:0004529	0.00306849150780858	exodeoxyribonuclease activity
GO:0016796	0.00306849150780858	exonuclease activity, active with either ribo- or deoxyribonucleic acids and producing 5'-phosphomonoesters
GO:0016895	0.00306849150780858	exodeoxyribonuclease activity, producing 5'-phosphomonoesters
GO:0071941	0.00306849150780858	nitrogen cycle metabolic process
GO:0071840	0.00300114010238039	cellular component organization or biogenesis
GO:0016043	0.00295640698563086	cellular component organization
GO:0005887	0.00279725209533948	integral component of plasma membrane
GO:0031226	0.00279725209533948	intrinsic component of plasma membrane
GO:0060703	0.00274843463043713	deoxyribonuclease inhibitor activity
GO:0140721	0.00274843463043713	nuclease inhibitor activity
GO:0008234	0.00262258086853681	cysteine-type peptidase activity
GO:0006206	0.00227093781655428	pyrimidine nucleobase metabolic process
GO:0006207	0.00227093781655428	'de novo' pyrimidine nucleobase biosynthetic process
GO:0019856	0.00227093781655428	pyrimidine nucleobase biosynthetic process
GO:0004590	0.00227093781655428	orotidine-5'-phosphate decarboxylase activity
GO:0006417	0.00227093781655428	regulation of translation
GO:0010608	0.00227093781655428	post-transcriptional regulation of gene expression
GO:0010629	0.00227093781655428	negative regulation of gene expression
GO:0017148	0.00227093781655428	negative regulation of translation
GO:0032268	0.00227093781655428	regulation of cellular protein metabolic process
GO:0032269	0.00227093781655428	negative regulation of cellular protein metabolic process
GO:0034248	0.00227093781655428	regulation of cellular amide metabolic process
GO:0034249	0.00227093781655428	negative regulation of cellular amide metabolic process
GO:0051246	0.00227093781655428	regulation of protein metabolic process
GO:0051248	0.00227093781655428	negative regulation of protein metabolic process
GO:2000112	0.00227093781655428	regulation of cellular macromolecule biosynthetic process
GO:2000113	0.00227093781655428	negative regulation of cellular macromolecule biosynthetic process
GO:0006979	0.00227093781655428	response to oxidative stress
GO:0009061	0.00227093781655428	anaerobic respiration
GO:0019645	0.00227093781655428	anaerobic electron transport chain
GO:0090305	0.00227093781655428	nucleic acid phosphodiester bond hydrolysis
GO:0008309	0.00227093781655428	double-stranded DNA exodeoxyribonuclease activity
GO:0008409	0.00227093781655428	5'-3' exonuclease activity
GO:0035312	0.00227093781655428	5'-3' exodeoxyribonuclease activity
GO:0051908	0.00227093781655428	double-stranded DNA 5'-3' exodeoxyribonuclease activity
GO:0050896	0.00227093781655428	response to stimulus
GO:0003824	0.00222473340216679	catalytic activity
GO:0009306	0.0021148796537999	protein secretion
GO:0032940	0.0021148796537999	secretion by cell
GO:0035592	0.0021148796537999	establishment of protein localization to extracellular region
GO:0071692	0.0021148796537999	protein localization to extracellular region
GO:0140352	0.0021148796537999	export from cell
GO:0004616	0.00199958770044077	phosphogluconate dehydrogenase (decarboxylating) activity
GO:0051276	0.00179961512758323	chromosome organization
GO:0016151	0.0017804874959822	nickel cation binding
GO:0006464	0.00146155111290259	cellular protein modification process
GO:0036211	0.00146155111290259	protein modification process
GO:0022411	0.001392518177638	cellular component disassembly
GO:0032984	0.001392518177638	protein-containing complex disassembly
GO:0009311	0.00112965723626038	oligosaccharide metabolic process
GO:0008757	0.00109711698741629	S-adenosylmethionine-dependent methyltransferase activity
GO:0032775	0.000823818382863308	DNA methylation on adenine
GO:0009007	0.000823818382863308	site-specific DNA-methyltransferase (adenine-specific) activity
GO:0009008	0.000823818382863308	DNA-methyltransferase activity
GO:0016788	0.000823818382863308	hydrolase activity, acting on ester bonds
GO:0043169	0.000823818382863308	cation binding
GO:0005975	0.000702156146622613	carbohydrate metabolic process
GO:0043933	0.0006283613125626	protein-containing complex organization
GO:0032259	0.000589508780173162	methylation
GO:0045892	0.000481520144052192	negative regulation of transcription, DNA-templated
GO:0045934	0.000481520144052192	negative regulation of nucleobase-containing compound metabolic process
GO:0051253	0.000481520144052192	negative regulation of RNA metabolic process
GO:1902679	0.000481520144052192	negative regulation of RNA biosynthetic process
GO:1903507	0.000481520144052192	negative regulation of nucleic acid-templated transcription
GO:0008152	0.000481520144052192	metabolic process
GO:0140097	0.000479540567118352	catalytic activity, acting on DNA
GO:0140640	0.000439924659075103	catalytic activity, acting on a nucleic acid
GO:0016747	0.000384522501195891	acyltransferase activity, transferring groups other than amino-acyl groups
GO:0006305	0.000270186231502181	DNA alkylation
GO:0006306	0.000270186231502181	DNA methylation
GO:0043414	0.000270186231502181	macromolecule methylation
GO:0044728	0.000270186231502181	DNA methylation or demethylation
GO:0046872	0.000270186231502181	metal ion binding
GO:0004553	0.000248562861628734	hydrolase activity, hydrolyzing O-glycosyl compounds
GO:0016799	0.000211490538732412	hydrolase activity, hydrolyzing N-glycosyl compounds
GO:0071705	0.000200743586293247	nitrogen compound transport
GO:0046903	0.000184697680508717	secretion
GO:0006260	0.000182526722075195	DNA replication
GO:0006261	0.00012984715235577	DNA-templated DNA replication
GO:0006508	0.000128203593556805	proteolysis
GO:0006353	9.98137022787951e-05	DNA-templated transcription, termination
GO:0031554	9.98137022787951e-05	regulation of DNA-templated transcription, termination
GO:0043244	9.98137022787951e-05	regulation of protein-containing complex disassembly
GO:0008104	7.92637191266712e-05	protein localization
GO:0015031	7.92637191266712e-05	protein transport
GO:0045184	7.92637191266712e-05	establishment of protein localization
GO:0004536	6.70169751397342e-05	deoxyribonuclease activity
GO:0006270	6.50503342602505e-05	DNA replication initiation
GO:0048519	5.94969398374874e-05	negative regulation of biological process
GO:0048523	5.94969398374874e-05	negative regulation of cellular process
GO:0005984	4.78518522712012e-05	disaccharide metabolic process
GO:0005991	4.78518522712012e-05	trehalose metabolic process
GO:0004555	4.78518522712012e-05	alpha,alpha-trehalase activity
GO:0015927	4.78518522712012e-05	trehalase activity
GO:0016746	3.71014332619391e-05	acyltransferase activity
GO:0009890	3.60413067693044e-05	negative regulation of biosynthetic process
GO:0009892	3.60413067693044e-05	negative regulation of metabolic process
GO:0010558	3.60413067693044e-05	negative regulation of macromolecule biosynthetic process
GO:0010605	3.60413067693044e-05	negative regulation of macromolecule metabolic process
GO:0031324	3.60413067693044e-05	negative regulation of cellular metabolic process
GO:0031327	3.60413067693044e-05	negative regulation of cellular biosynthetic process
GO:0051172	3.60413067693044e-05	negative regulation of nitrogen compound metabolic process
GO:0016787	3.33605634587156e-05	hydrolase activity
GO:0044238	3.11700310604687e-05	primary metabolic process
GO:0003674	3.11700310604687e-05	molecular_function
GO:0005198	2.29445637047729e-05	structural molecule activity
GO:0003697	2.17847934809135e-05	single-stranded DNA binding
GO:0016798	1.81076272051625e-05	hydrolase activity, acting on glycosyl bonds
GO:0008233	1.67717984906296e-05	peptidase activity
GO:0015074	1.67717984906296e-05	DNA integration
GO:0032879	1.37890325985059e-05	regulation of localization
GO:0051049	1.37890325985059e-05	regulation of transport
GO:0043242	1.03143231152884e-05	negative regulation of protein-containing complex disassembly
GO:0051129	1.03143231152884e-05	negative regulation of cellular component organization
GO:0060567	1.03143231152884e-05	negative regulation of DNA-templated transcription, termination
GO:0071704	9.36781047987662e-06	organic substance metabolic process
GO:0006801	8.85374410049921e-06	superoxide metabolic process
GO:0072593	8.85374410049921e-06	reactive oxygen species metabolic process
GO:0043605	7.82788995205371e-06	cellular amide catabolic process
GO:0019538	7.06423001751967e-06	protein metabolic process
GO:1901135	6.10764759669432e-06	carbohydrate derivative metabolic process
GO:0046483	4.97158341749327e-06	heterocycle metabolic process
GO:1901360	4.84077948861351e-06	organic cyclic compound metabolic process
GO:0006725	3.75790102779655e-06	cellular aromatic compound metabolic process
GO:0008907	2.4548999959657e-06	integrase activity
GO:0006139	2.04235932449437e-06	nucleobase-containing compound metabolic process
GO:0034641	2.04235932449437e-06	cellular nitrogen compound metabolic process
GO:0008150	1.69147618730528e-06	biological_process
GO:0140096	1.07837409026667e-06	catalytic activity, acting on a protein
GO:0090304	1.02361578705696e-06	nucleic acid metabolic process
GO:0140102	8.66354034182602e-07	catalytic activity, acting on a rRNA
GO:0044237	8.44625822204299e-07	cellular metabolic process
GO:0006310	4.53141667100548e-07	DNA recombination
GO:0009987	4.2198695516546e-07	cellular process
GO:0006259	2.53274846432595e-07	DNA metabolic process
GO:1901564	1.52135540371929e-07	organonitrogen compound metabolic process
GO:0019627	1.52135540371929e-07	urea metabolic process
GO:0043419	1.52135540371929e-07	urea catabolic process
GO:0043565	1.46176656978182e-07	sequence-specific DNA binding
GO:0006807	1.37310133196649e-07	nitrogen compound metabolic process
GO:0097159	1.22232089137454e-07	organic cyclic compound binding
GO:1901363	1.22232089137454e-07	heterocyclic compound binding
GO:0001897	1.06663499366708e-07	cytolysis by symbiont of host cells
GO:0001907	1.06663499366708e-07	killing by symbiont of host cells
GO:0019836	1.06663499366708e-07	hemolysis by symbiont of host erythrocytes
GO:0030597	1.06663499366708e-07	RNA glycosylase activity
GO:0030598	1.06663499366708e-07	rRNA N-glycosylase activity
GO:0016567	1.05181253482788e-07	protein ubiquitination
GO:0032446	1.05181253482788e-07	protein modification by small protein conjugation
GO:0070647	1.05181253482788e-07	protein modification by small protein conjugation or removal
GO:0043170	7.1023485150106e-08	macromolecule metabolic process
GO:0005488	5.87896719439734e-08	binding
GO:0004197	5.62114907603134e-08	cysteine-type endopeptidase activity
GO:0044260	3.57425572136308e-08	cellular macromolecule metabolic process
GO:0032880	3.5718345645448e-08	regulation of protein localization
GO:0050708	3.5718345645448e-08	regulation of protein secretion
GO:0051046	3.5718345645448e-08	regulation of secretion
GO:0051223	3.5718345645448e-08	regulation of protein transport
GO:0070201	3.5718345645448e-08	regulation of establishment of protein localization
GO:1903530	3.5718345645448e-08	regulation of secretion by cell
GO:0071554	3.01713661218936e-08	cell wall organization or biogenesis
GO:0006281	2.9607125051021e-08	DNA repair
GO:0000287	2.92172050285096e-08	magnesium ion binding
GO:0006950	7.51322189644632e-09	response to stress
GO:1901575	3.79851364341029e-09	organic substance catabolic process
GO:0006974	3.1121567136722e-09	cellular response to DNA damage stimulus
GO:0033554	2.74348365421782e-09	cellular response to stress
GO:0003676	2.36321242011446e-09	nucleic acid binding
GO:0019068	2.27468840363053e-09	virion assembly
GO:0003677	1.56711384160933e-09	DNA binding
GO:0004842	4.39590227846414e-10	ubiquitin-protein transferase activity
GO:0019787	4.39590227846414e-10	ubiquitin-like protein transferase activity
GO:0009056	1.42505641810452e-11	catabolic process
GO:0044419	1.09768710314371e-11	biological process involved in interspecies interaction between organisms
GO:0006027	9.90526407087203e-13	glycosaminoglycan catabolic process
GO:0009253	9.90526407087203e-13	peptidoglycan catabolic process
GO:0061783	9.90526407087203e-13	peptidoglycan muralytic activity
GO:0019076	6.52908980071107e-13	viral release from host cell
GO:0035890	6.52908980071107e-13	exit from host
GO:0035891	6.52908980071107e-13	exit from host cell
GO:0052126	6.52908980071107e-13	movement in host environment
GO:0051701	6.52908980071107e-13	biological process involved in interaction with host
GO:0044403	6.52908980071107e-13	biological process involved in symbiotic interaction
GO:0000270	6.52908980071107e-13	peptidoglycan metabolic process
GO:0030203	6.52908980071107e-13	glycosaminoglycan metabolic process
GO:0019835	6.35222646443095e-13	cytolysis
GO:0003796	9.18086505684092e-14	lysozyme activity
GO:1901565	4.58808225984642e-14	organonitrogen compound catabolic process
GO:0044248	4.58808225984642e-14	cellular catabolic process
GO:0009057	1.04958460052265e-14	macromolecule catabolic process
GO:0006026	1.12174513969552e-15	aminoglycan catabolic process
GO:1901136	1.12174513969552e-15	carbohydrate derivative catabolic process
GO:0016032	9.44741724406742e-16	viral process
GO:0019058	9.44741724406742e-16	viral life cycle
GO:0006022	7.54519123144238e-16	aminoglycan metabolic process
GO:0044265	7.54519123144238e-16	cellular macromolecule catabolic process
GO:0016998	7.08608356208075e-16	cell wall macromolecule catabolic process
GO:0044036	7.08608356208075e-16	cell wall macromolecule metabolic process
